Running Array Task ID: 122 (Mapped to i=5, j=1, k=2)
Delay: 200 | Intensity: 0.000100 | Freq: 0.003786
num_threads = 16
drcCI = 100
Frequency = 0.003786
Field will be on for 4000 time steps
drc = 10
Just before tdseProp
Just after tdseProp
Just after exact1RDMS
Retaining 529 or 529 entries
Just after filterIndices
Allocating 6.77289 GB for d_pcc on GPU...
Built propagator chain cache on GPU!
Just after buildPCC
Propagating 1RDM at time step 200
Propagating 1RDM at time step 201
Propagating 1RDM at time step 202
Propagating 1RDM at time step 203
Propagating 1RDM at time step 204
Propagating 1RDM at time step 205
Propagating 1RDM at time step 206
Propagating 1RDM at time step 207
Propagating 1RDM at time step 208
Propagating 1RDM at time step 209
Propagating 1RDM at time step 210
Propagating 1RDM at time step 211
Propagating 1RDM at time step 212
Propagating 1RDM at time step 213
Propagating 1RDM at time step 214
Propagating 1RDM at time step 215
Propagating 1RDM at time step 216
Propagating 1RDM at time step 217
Propagating 1RDM at time step 218
Propagating 1RDM at time step 219
Propagating 1RDM at time step 220
Propagating 1RDM at time step 221
Propagating 1RDM at time step 222
Propagating 1RDM at time step 223
Propagating 1RDM at time step 224
Propagating 1RDM at time step 225
Propagating 1RDM at time step 226
Propagating 1RDM at time step 227
Propagating 1RDM at time step 228
Propagating 1RDM at time step 229
Propagating 1RDM at time step 230
Propagating 1RDM at time step 231
Propagating 1RDM at time step 232
Propagating 1RDM at time step 233
Propagating 1RDM at time step 234
Propagating 1RDM at time step 235
Propagating 1RDM at time step 236
Propagating 1RDM at time step 237
Propagating 1RDM at time step 238
Propagating 1RDM at time step 239
Propagating 1RDM at time step 240
Propagating 1RDM at time step 241
Propagating 1RDM at time step 242
Propagating 1RDM at time step 243
Propagating 1RDM at time step 244
Propagating 1RDM at time step 245
Propagating 1RDM at time step 246
Propagating 1RDM at time step 247
Propagating 1RDM at time step 248
Propagating 1RDM at time step 249
Propagating 1RDM at time step 250
Propagating 1RDM at time step 251
Propagating 1RDM at time step 252
Propagating 1RDM at time step 253
Propagating 1RDM at time step 254
Propagating 1RDM at time step 255
Propagating 1RDM at time step 256
Propagating 1RDM at time step 257
Propagating 1RDM at time step 258
Propagating 1RDM at time step 259
Propagating 1RDM at time step 260
Propagating 1RDM at time step 261
Propagating 1RDM at time step 262
Propagating 1RDM at time step 263
Propagating 1RDM at time step 264
Propagating 1RDM at time step 265
Propagating 1RDM at time step 266
Propagating 1RDM at time step 267
Propagating 1RDM at time step 268
Propagating 1RDM at time step 269
Propagating 1RDM at time step 270
Propagating 1RDM at time step 271
Propagating 1RDM at time step 272
Propagating 1RDM at time step 273
Propagating 1RDM at time step 274
Propagating 1RDM at time step 275
Propagating 1RDM at time step 276
Propagating 1RDM at time step 277
Propagating 1RDM at time step 278
Propagating 1RDM at time step 279
Propagating 1RDM at time step 280
Propagating 1RDM at time step 281
Propagating 1RDM at time step 282
Propagating 1RDM at time step 283
Propagating 1RDM at time step 284
Propagating 1RDM at time step 285
Propagating 1RDM at time step 286
Propagating 1RDM at time step 287
Propagating 1RDM at time step 288
Propagating 1RDM at time step 289
Propagating 1RDM at time step 290
Propagating 1RDM at time step 291
Propagating 1RDM at time step 292
Propagating 1RDM at time step 293
Propagating 1RDM at time step 294
Propagating 1RDM at time step 295
Propagating 1RDM at time step 296
Propagating 1RDM at time step 297
Propagating 1RDM at time step 298
Propagating 1RDM at time step 299
Propagating 1RDM at time step 300
Propagating 1RDM at time step 301
Propagating 1RDM at time step 302
Propagating 1RDM at time step 303
Propagating 1RDM at time step 304
Propagating 1RDM at time step 305
Propagating 1RDM at time step 306
Propagating 1RDM at time step 307
Propagating 1RDM at time step 308
Propagating 1RDM at time step 309
Propagating 1RDM at time step 310
Propagating 1RDM at time step 311
Propagating 1RDM at time step 312
Propagating 1RDM at time step 313
Propagating 1RDM at time step 314
Propagating 1RDM at time step 315
Propagating 1RDM at time step 316
Propagating 1RDM at time step 317
Propagating 1RDM at time step 318
Propagating 1RDM at time step 319
Propagating 1RDM at time step 320
Propagating 1RDM at time step 321
Propagating 1RDM at time step 322
Propagating 1RDM at time step 323
Propagating 1RDM at time step 324
Propagating 1RDM at time step 325
Propagating 1RDM at time step 326
Propagating 1RDM at time step 327
Propagating 1RDM at time step 328
Propagating 1RDM at time step 329
Propagating 1RDM at time step 330
Propagating 1RDM at time step 331
Propagating 1RDM at time step 332
Propagating 1RDM at time step 333
Propagating 1RDM at time step 334
Propagating 1RDM at time step 335
Propagating 1RDM at time step 336
Propagating 1RDM at time step 337
Propagating 1RDM at time step 338
Propagating 1RDM at time step 339
Propagating 1RDM at time step 340
Propagating 1RDM at time step 341
Propagating 1RDM at time step 342
Propagating 1RDM at time step 343
Propagating 1RDM at time step 344
Propagating 1RDM at time step 345
Propagating 1RDM at time step 346
Propagating 1RDM at time step 347
Propagating 1RDM at time step 348
Propagating 1RDM at time step 349
Propagating 1RDM at time step 350
Propagating 1RDM at time step 351
Propagating 1RDM at time step 352
Propagating 1RDM at time step 353
Propagating 1RDM at time step 354
Propagating 1RDM at time step 355
Propagating 1RDM at time step 356
Propagating 1RDM at time step 357
Propagating 1RDM at time step 358
Propagating 1RDM at time step 359
Propagating 1RDM at time step 360
Propagating 1RDM at time step 361
Propagating 1RDM at time step 362
Propagating 1RDM at time step 363
Propagating 1RDM at time step 364
Propagating 1RDM at time step 365
Propagating 1RDM at time step 366
Propagating 1RDM at time step 367
Propagating 1RDM at time step 368
Propagating 1RDM at time step 369
Propagating 1RDM at time step 370
Propagating 1RDM at time step 371
Propagating 1RDM at time step 372
Propagating 1RDM at time step 373
Propagating 1RDM at time step 374
Propagating 1RDM at time step 375
Propagating 1RDM at time step 376
Propagating 1RDM at time step 377
Propagating 1RDM at time step 378
Propagating 1RDM at time step 379
Propagating 1RDM at time step 380
Propagating 1RDM at time step 381
Propagating 1RDM at time step 382
Propagating 1RDM at time step 383
Propagating 1RDM at time step 384
Propagating 1RDM at time step 385
Propagating 1RDM at time step 386
Propagating 1RDM at time step 387
Propagating 1RDM at time step 388
Propagating 1RDM at time step 389
Propagating 1RDM at time step 390
Propagating 1RDM at time step 391
Propagating 1RDM at time step 392
Propagating 1RDM at time step 393
Propagating 1RDM at time step 394
Propagating 1RDM at time step 395
Propagating 1RDM at time step 396
Propagating 1RDM at time step 397
Propagating 1RDM at time step 398
Propagating 1RDM at time step 399
Propagating 1RDM at time step 400
Propagating 1RDM at time step 401
Propagating 1RDM at time step 402
Propagating 1RDM at time step 403
Propagating 1RDM at time step 404
Propagating 1RDM at time step 405
Propagating 1RDM at time step 406
Propagating 1RDM at time step 407
Propagating 1RDM at time step 408
Propagating 1RDM at time step 409
Propagating 1RDM at time step 410
Propagating 1RDM at time step 411
Propagating 1RDM at time step 412
Propagating 1RDM at time step 413
Propagating 1RDM at time step 414
Propagating 1RDM at time step 415
Propagating 1RDM at time step 416
Propagating 1RDM at time step 417
Propagating 1RDM at time step 418
Propagating 1RDM at time step 419
Propagating 1RDM at time step 420
Propagating 1RDM at time step 421
Propagating 1RDM at time step 422
Propagating 1RDM at time step 423
Propagating 1RDM at time step 424
Propagating 1RDM at time step 425
Propagating 1RDM at time step 426
Propagating 1RDM at time step 427
Propagating 1RDM at time step 428
Propagating 1RDM at time step 429
Propagating 1RDM at time step 430
Propagating 1RDM at time step 431
Propagating 1RDM at time step 432
Propagating 1RDM at time step 433
Propagating 1RDM at time step 434
Propagating 1RDM at time step 435
Propagating 1RDM at time step 436
Propagating 1RDM at time step 437
Propagating 1RDM at time step 438
Propagating 1RDM at time step 439
Propagating 1RDM at time step 440
Propagating 1RDM at time step 441
Propagating 1RDM at time step 442
Propagating 1RDM at time step 443
Propagating 1RDM at time step 444
Propagating 1RDM at time step 445
Propagating 1RDM at time step 446
Propagating 1RDM at time step 447
Propagating 1RDM at time step 448
Propagating 1RDM at time step 449
Propagating 1RDM at time step 450
Propagating 1RDM at time step 451
Propagating 1RDM at time step 452
Propagating 1RDM at time step 453
Propagating 1RDM at time step 454
Propagating 1RDM at time step 455
Propagating 1RDM at time step 456
Propagating 1RDM at time step 457
Propagating 1RDM at time step 458
Propagating 1RDM at time step 459
Propagating 1RDM at time step 460
Propagating 1RDM at time step 461
Propagating 1RDM at time step 462
Propagating 1RDM at time step 463
Propagating 1RDM at time step 464
Propagating 1RDM at time step 465
Propagating 1RDM at time step 466
Propagating 1RDM at time step 467
Propagating 1RDM at time step 468
Propagating 1RDM at time step 469
Propagating 1RDM at time step 470
Propagating 1RDM at time step 471
Propagating 1RDM at time step 472
Propagating 1RDM at time step 473
Propagating 1RDM at time step 474
Propagating 1RDM at time step 475
Propagating 1RDM at time step 476
Propagating 1RDM at time step 477
Propagating 1RDM at time step 478
Propagating 1RDM at time step 479
Propagating 1RDM at time step 480
Propagating 1RDM at time step 481
Propagating 1RDM at time step 482
Propagating 1RDM at time step 483
Propagating 1RDM at time step 484
Propagating 1RDM at time step 485
Propagating 1RDM at time step 486
Propagating 1RDM at time step 487
Propagating 1RDM at time step 488
Propagating 1RDM at time step 489
Propagating 1RDM at time step 490
Propagating 1RDM at time step 491
Propagating 1RDM at time step 492
Propagating 1RDM at time step 493
Propagating 1RDM at time step 494
Propagating 1RDM at time step 495
Propagating 1RDM at time step 496
Propagating 1RDM at time step 497
Propagating 1RDM at time step 498
Propagating 1RDM at time step 499
Propagating 1RDM at time step 500
Propagating 1RDM at time step 501
Propagating 1RDM at time step 502
Propagating 1RDM at time step 503
Propagating 1RDM at time step 504
Propagating 1RDM at time step 505
Propagating 1RDM at time step 506
Propagating 1RDM at time step 507
Propagating 1RDM at time step 508
Propagating 1RDM at time step 509
Propagating 1RDM at time step 510
Propagating 1RDM at time step 511
Propagating 1RDM at time step 512
Propagating 1RDM at time step 513
Propagating 1RDM at time step 514
Propagating 1RDM at time step 515
Propagating 1RDM at time step 516
Propagating 1RDM at time step 517
Propagating 1RDM at time step 518
Propagating 1RDM at time step 519
Propagating 1RDM at time step 520
Propagating 1RDM at time step 521
Propagating 1RDM at time step 522
Propagating 1RDM at time step 523
Propagating 1RDM at time step 524
Propagating 1RDM at time step 525
Propagating 1RDM at time step 526
Propagating 1RDM at time step 527
Propagating 1RDM at time step 528
Propagating 1RDM at time step 529
Propagating 1RDM at time step 530
Propagating 1RDM at time step 531
Propagating 1RDM at time step 532
Propagating 1RDM at time step 533
Propagating 1RDM at time step 534
Propagating 1RDM at time step 535
Propagating 1RDM at time step 536
Propagating 1RDM at time step 537
Propagating 1RDM at time step 538
Propagating 1RDM at time step 539
Propagating 1RDM at time step 540
Propagating 1RDM at time step 541
Propagating 1RDM at time step 542
Propagating 1RDM at time step 543
Propagating 1RDM at time step 544
Propagating 1RDM at time step 545
Propagating 1RDM at time step 546
Propagating 1RDM at time step 547
Propagating 1RDM at time step 548
Propagating 1RDM at time step 549
Propagating 1RDM at time step 550
Propagating 1RDM at time step 551
Propagating 1RDM at time step 552
Propagating 1RDM at time step 553
Propagating 1RDM at time step 554
Propagating 1RDM at time step 555
Propagating 1RDM at time step 556
Propagating 1RDM at time step 557
Propagating 1RDM at time step 558
Propagating 1RDM at time step 559
Propagating 1RDM at time step 560
Propagating 1RDM at time step 561
Propagating 1RDM at time step 562
Propagating 1RDM at time step 563
Propagating 1RDM at time step 564
Propagating 1RDM at time step 565
Propagating 1RDM at time step 566
Propagating 1RDM at time step 567
Propagating 1RDM at time step 568
Propagating 1RDM at time step 569
Propagating 1RDM at time step 570
Propagating 1RDM at time step 571
Propagating 1RDM at time step 572
Propagating 1RDM at time step 573
Propagating 1RDM at time step 574
Propagating 1RDM at time step 575
Propagating 1RDM at time step 576
Propagating 1RDM at time step 577
Propagating 1RDM at time step 578
Propagating 1RDM at time step 579
Propagating 1RDM at time step 580
Propagating 1RDM at time step 581
Propagating 1RDM at time step 582
Propagating 1RDM at time step 583
Propagating 1RDM at time step 584
Propagating 1RDM at time step 585
Propagating 1RDM at time step 586
Propagating 1RDM at time step 587
Propagating 1RDM at time step 588
Propagating 1RDM at time step 589
Propagating 1RDM at time step 590
Propagating 1RDM at time step 591
Propagating 1RDM at time step 592
Propagating 1RDM at time step 593
Propagating 1RDM at time step 594
Propagating 1RDM at time step 595
Propagating 1RDM at time step 596
Propagating 1RDM at time step 597
Propagating 1RDM at time step 598
Propagating 1RDM at time step 599
Propagating 1RDM at time step 600
Propagating 1RDM at time step 601
Propagating 1RDM at time step 602
Propagating 1RDM at time step 603
Propagating 1RDM at time step 604
Propagating 1RDM at time step 605
Propagating 1RDM at time step 606
Propagating 1RDM at time step 607
Propagating 1RDM at time step 608
Propagating 1RDM at time step 609
Propagating 1RDM at time step 610
Propagating 1RDM at time step 611
Propagating 1RDM at time step 612
Propagating 1RDM at time step 613
Propagating 1RDM at time step 614
Propagating 1RDM at time step 615
Propagating 1RDM at time step 616
Propagating 1RDM at time step 617
Propagating 1RDM at time step 618
Propagating 1RDM at time step 619
Propagating 1RDM at time step 620
Propagating 1RDM at time step 621
Propagating 1RDM at time step 622
Propagating 1RDM at time step 623
Propagating 1RDM at time step 624
Propagating 1RDM at time step 625
Propagating 1RDM at time step 626
Propagating 1RDM at time step 627
Propagating 1RDM at time step 628
Propagating 1RDM at time step 629
Propagating 1RDM at time step 630
Propagating 1RDM at time step 631
Propagating 1RDM at time step 632
Propagating 1RDM at time step 633
Propagating 1RDM at time step 634
Propagating 1RDM at time step 635
Propagating 1RDM at time step 636
Propagating 1RDM at time step 637
Propagating 1RDM at time step 638
Propagating 1RDM at time step 639
Propagating 1RDM at time step 640
Propagating 1RDM at time step 641
Propagating 1RDM at time step 642
Propagating 1RDM at time step 643
Propagating 1RDM at time step 644
Propagating 1RDM at time step 645
Propagating 1RDM at time step 646
Propagating 1RDM at time step 647
Propagating 1RDM at time step 648
Propagating 1RDM at time step 649
Propagating 1RDM at time step 650
Propagating 1RDM at time step 651
Propagating 1RDM at time step 652
Propagating 1RDM at time step 653
Propagating 1RDM at time step 654
Propagating 1RDM at time step 655
Propagating 1RDM at time step 656
Propagating 1RDM at time step 657
Propagating 1RDM at time step 658
Propagating 1RDM at time step 659
Propagating 1RDM at time step 660
Propagating 1RDM at time step 661
Propagating 1RDM at time step 662
Propagating 1RDM at time step 663
Propagating 1RDM at time step 664
Propagating 1RDM at time step 665
Propagating 1RDM at time step 666
Propagating 1RDM at time step 667
Propagating 1RDM at time step 668
Propagating 1RDM at time step 669
Propagating 1RDM at time step 670
Propagating 1RDM at time step 671
Propagating 1RDM at time step 672
Propagating 1RDM at time step 673
Propagating 1RDM at time step 674
Propagating 1RDM at time step 675
Propagating 1RDM at time step 676
Propagating 1RDM at time step 677
Propagating 1RDM at time step 678
Propagating 1RDM at time step 679
Propagating 1RDM at time step 680
Propagating 1RDM at time step 681
Propagating 1RDM at time step 682
Propagating 1RDM at time step 683
Propagating 1RDM at time step 684
Propagating 1RDM at time step 685
Propagating 1RDM at time step 686
Propagating 1RDM at time step 687
Propagating 1RDM at time step 688
Propagating 1RDM at time step 689
Propagating 1RDM at time step 690
Propagating 1RDM at time step 691
Propagating 1RDM at time step 692
Propagating 1RDM at time step 693
Propagating 1RDM at time step 694
Propagating 1RDM at time step 695
Propagating 1RDM at time step 696
Propagating 1RDM at time step 697
Propagating 1RDM at time step 698
Propagating 1RDM at time step 699
Propagating 1RDM at time step 700
Propagating 1RDM at time step 701
Propagating 1RDM at time step 702
Propagating 1RDM at time step 703
Propagating 1RDM at time step 704
Propagating 1RDM at time step 705
Propagating 1RDM at time step 706
Propagating 1RDM at time step 707
Propagating 1RDM at time step 708
Propagating 1RDM at time step 709
Propagating 1RDM at time step 710
Propagating 1RDM at time step 711
Propagating 1RDM at time step 712
Propagating 1RDM at time step 713
Propagating 1RDM at time step 714
Propagating 1RDM at time step 715
Propagating 1RDM at time step 716
Propagating 1RDM at time step 717
Propagating 1RDM at time step 718
Propagating 1RDM at time step 719
Propagating 1RDM at time step 720
Propagating 1RDM at time step 721
Propagating 1RDM at time step 722
Propagating 1RDM at time step 723
Propagating 1RDM at time step 724
Propagating 1RDM at time step 725
Propagating 1RDM at time step 726
Propagating 1RDM at time step 727
Propagating 1RDM at time step 728
Propagating 1RDM at time step 729
Propagating 1RDM at time step 730
Propagating 1RDM at time step 731
Propagating 1RDM at time step 732
Propagating 1RDM at time step 733
Propagating 1RDM at time step 734
Propagating 1RDM at time step 735
Propagating 1RDM at time step 736
Propagating 1RDM at time step 737
Propagating 1RDM at time step 738
Propagating 1RDM at time step 739
Propagating 1RDM at time step 740
Propagating 1RDM at time step 741
Propagating 1RDM at time step 742
Propagating 1RDM at time step 743
Propagating 1RDM at time step 744
Propagating 1RDM at time step 745
Propagating 1RDM at time step 746
Propagating 1RDM at time step 747
Propagating 1RDM at time step 748
Propagating 1RDM at time step 749
Propagating 1RDM at time step 750
Propagating 1RDM at time step 751
Propagating 1RDM at time step 752
Propagating 1RDM at time step 753
Propagating 1RDM at time step 754
Propagating 1RDM at time step 755
Propagating 1RDM at time step 756
Propagating 1RDM at time step 757
Propagating 1RDM at time step 758
Propagating 1RDM at time step 759
Propagating 1RDM at time step 760
Propagating 1RDM at time step 761
Propagating 1RDM at time step 762
Propagating 1RDM at time step 763
Propagating 1RDM at time step 764
Propagating 1RDM at time step 765
Propagating 1RDM at time step 766
Propagating 1RDM at time step 767
Propagating 1RDM at time step 768
Propagating 1RDM at time step 769
Propagating 1RDM at time step 770
Propagating 1RDM at time step 771
Propagating 1RDM at time step 772
Propagating 1RDM at time step 773
Propagating 1RDM at time step 774
Propagating 1RDM at time step 775
Propagating 1RDM at time step 776
Propagating 1RDM at time step 777
Propagating 1RDM at time step 778
Propagating 1RDM at time step 779
Propagating 1RDM at time step 780
Propagating 1RDM at time step 781
Propagating 1RDM at time step 782
Propagating 1RDM at time step 783
Propagating 1RDM at time step 784
Propagating 1RDM at time step 785
Propagating 1RDM at time step 786
Propagating 1RDM at time step 787
Propagating 1RDM at time step 788
Propagating 1RDM at time step 789
Propagating 1RDM at time step 790
Propagating 1RDM at time step 791
Propagating 1RDM at time step 792
Propagating 1RDM at time step 793
Propagating 1RDM at time step 794
Propagating 1RDM at time step 795
Propagating 1RDM at time step 796
Propagating 1RDM at time step 797
Propagating 1RDM at time step 798
Propagating 1RDM at time step 799
Propagating 1RDM at time step 800
Propagating 1RDM at time step 801
Propagating 1RDM at time step 802
Propagating 1RDM at time step 803
Propagating 1RDM at time step 804
Propagating 1RDM at time step 805
Propagating 1RDM at time step 806
Propagating 1RDM at time step 807
Propagating 1RDM at time step 808
Propagating 1RDM at time step 809
Propagating 1RDM at time step 810
Propagating 1RDM at time step 811
Propagating 1RDM at time step 812
Propagating 1RDM at time step 813
Propagating 1RDM at time step 814
Propagating 1RDM at time step 815
Propagating 1RDM at time step 816
Propagating 1RDM at time step 817
Propagating 1RDM at time step 818
Propagating 1RDM at time step 819
Propagating 1RDM at time step 820
Propagating 1RDM at time step 821
Propagating 1RDM at time step 822
Propagating 1RDM at time step 823
Propagating 1RDM at time step 824
Propagating 1RDM at time step 825
Propagating 1RDM at time step 826
Propagating 1RDM at time step 827
Propagating 1RDM at time step 828
Propagating 1RDM at time step 829
Propagating 1RDM at time step 830
Propagating 1RDM at time step 831
Propagating 1RDM at time step 832
Propagating 1RDM at time step 833
Propagating 1RDM at time step 834
Propagating 1RDM at time step 835
Propagating 1RDM at time step 836
Propagating 1RDM at time step 837
Propagating 1RDM at time step 838
Propagating 1RDM at time step 839
Propagating 1RDM at time step 840
Propagating 1RDM at time step 841
Propagating 1RDM at time step 842
Propagating 1RDM at time step 843
Propagating 1RDM at time step 844
Propagating 1RDM at time step 845
Propagating 1RDM at time step 846
Propagating 1RDM at time step 847
Propagating 1RDM at time step 848
Propagating 1RDM at time step 849
Propagating 1RDM at time step 850
Propagating 1RDM at time step 851
Propagating 1RDM at time step 852
Propagating 1RDM at time step 853
Propagating 1RDM at time step 854
Propagating 1RDM at time step 855
Propagating 1RDM at time step 856
Propagating 1RDM at time step 857
Propagating 1RDM at time step 858
Propagating 1RDM at time step 859
Propagating 1RDM at time step 860
Propagating 1RDM at time step 861
Propagating 1RDM at time step 862
Propagating 1RDM at time step 863
Propagating 1RDM at time step 864
Propagating 1RDM at time step 865
Propagating 1RDM at time step 866
Propagating 1RDM at time step 867
Propagating 1RDM at time step 868
Propagating 1RDM at time step 869
Propagating 1RDM at time step 870
Propagating 1RDM at time step 871
Propagating 1RDM at time step 872
Propagating 1RDM at time step 873
Propagating 1RDM at time step 874
Propagating 1RDM at time step 875
Propagating 1RDM at time step 876
Propagating 1RDM at time step 877
Propagating 1RDM at time step 878
Propagating 1RDM at time step 879
Propagating 1RDM at time step 880
Propagating 1RDM at time step 881
Propagating 1RDM at time step 882
Propagating 1RDM at time step 883
Propagating 1RDM at time step 884
Propagating 1RDM at time step 885
Propagating 1RDM at time step 886
Propagating 1RDM at time step 887
Propagating 1RDM at time step 888
Propagating 1RDM at time step 889
Propagating 1RDM at time step 890
Propagating 1RDM at time step 891
Propagating 1RDM at time step 892
Propagating 1RDM at time step 893
Propagating 1RDM at time step 894
Propagating 1RDM at time step 895
Propagating 1RDM at time step 896
Propagating 1RDM at time step 897
Propagating 1RDM at time step 898
Propagating 1RDM at time step 899
Propagating 1RDM at time step 900
Propagating 1RDM at time step 901
Propagating 1RDM at time step 902
Propagating 1RDM at time step 903
Propagating 1RDM at time step 904
Propagating 1RDM at time step 905
Propagating 1RDM at time step 906
Propagating 1RDM at time step 907
Propagating 1RDM at time step 908
Propagating 1RDM at time step 909
Propagating 1RDM at time step 910
Propagating 1RDM at time step 911
Propagating 1RDM at time step 912
Propagating 1RDM at time step 913
Propagating 1RDM at time step 914
Propagating 1RDM at time step 915
Propagating 1RDM at time step 916
Propagating 1RDM at time step 917
Propagating 1RDM at time step 918
Propagating 1RDM at time step 919
Propagating 1RDM at time step 920
Propagating 1RDM at time step 921
Propagating 1RDM at time step 922
Propagating 1RDM at time step 923
Propagating 1RDM at time step 924
Propagating 1RDM at time step 925
Propagating 1RDM at time step 926
Propagating 1RDM at time step 927
Propagating 1RDM at time step 928
Propagating 1RDM at time step 929
Propagating 1RDM at time step 930
Propagating 1RDM at time step 931
Propagating 1RDM at time step 932
Propagating 1RDM at time step 933
Propagating 1RDM at time step 934
Propagating 1RDM at time step 935
Propagating 1RDM at time step 936
Propagating 1RDM at time step 937
Propagating 1RDM at time step 938
Propagating 1RDM at time step 939
Propagating 1RDM at time step 940
Propagating 1RDM at time step 941
Propagating 1RDM at time step 942
Propagating 1RDM at time step 943
Propagating 1RDM at time step 944
Propagating 1RDM at time step 945
Propagating 1RDM at time step 946
Propagating 1RDM at time step 947
Propagating 1RDM at time step 948
Propagating 1RDM at time step 949
Propagating 1RDM at time step 950
Propagating 1RDM at time step 951
Propagating 1RDM at time step 952
Propagating 1RDM at time step 953
Propagating 1RDM at time step 954
Propagating 1RDM at time step 955
Propagating 1RDM at time step 956
Propagating 1RDM at time step 957
Propagating 1RDM at time step 958
Propagating 1RDM at time step 959
Propagating 1RDM at time step 960
Propagating 1RDM at time step 961
Propagating 1RDM at time step 962
Propagating 1RDM at time step 963
Propagating 1RDM at time step 964
Propagating 1RDM at time step 965
Propagating 1RDM at time step 966
Propagating 1RDM at time step 967
Propagating 1RDM at time step 968
Propagating 1RDM at time step 969
Propagating 1RDM at time step 970
Propagating 1RDM at time step 971
Propagating 1RDM at time step 972
Propagating 1RDM at time step 973
Propagating 1RDM at time step 974
Propagating 1RDM at time step 975
Propagating 1RDM at time step 976
Propagating 1RDM at time step 977
Propagating 1RDM at time step 978
Propagating 1RDM at time step 979
Propagating 1RDM at time step 980
Propagating 1RDM at time step 981
Propagating 1RDM at time step 982
Propagating 1RDM at time step 983
Propagating 1RDM at time step 984
Propagating 1RDM at time step 985
Propagating 1RDM at time step 986
Propagating 1RDM at time step 987
Propagating 1RDM at time step 988
Propagating 1RDM at time step 989
Propagating 1RDM at time step 990
Propagating 1RDM at time step 991
Propagating 1RDM at time step 992
Propagating 1RDM at time step 993
Propagating 1RDM at time step 994
Propagating 1RDM at time step 995
Propagating 1RDM at time step 996
Propagating 1RDM at time step 997
Propagating 1RDM at time step 998
Propagating 1RDM at time step 999
Propagating 1RDM at time step 1000
Propagating 1RDM at time step 1001
Propagating 1RDM at time step 1002
Propagating 1RDM at time step 1003
Propagating 1RDM at time step 1004
Propagating 1RDM at time step 1005
Propagating 1RDM at time step 1006
Propagating 1RDM at time step 1007
Propagating 1RDM at time step 1008
Propagating 1RDM at time step 1009
Propagating 1RDM at time step 1010
Propagating 1RDM at time step 1011
Propagating 1RDM at time step 1012
Propagating 1RDM at time step 1013
Propagating 1RDM at time step 1014
Propagating 1RDM at time step 1015
Propagating 1RDM at time step 1016
Propagating 1RDM at time step 1017
Propagating 1RDM at time step 1018
Propagating 1RDM at time step 1019
Propagating 1RDM at time step 1020
Propagating 1RDM at time step 1021
Propagating 1RDM at time step 1022
Propagating 1RDM at time step 1023
Propagating 1RDM at time step 1024
Propagating 1RDM at time step 1025
Propagating 1RDM at time step 1026
Propagating 1RDM at time step 1027
Propagating 1RDM at time step 1028
Propagating 1RDM at time step 1029
Propagating 1RDM at time step 1030
Propagating 1RDM at time step 1031
Propagating 1RDM at time step 1032
Propagating 1RDM at time step 1033
Propagating 1RDM at time step 1034
Propagating 1RDM at time step 1035
Propagating 1RDM at time step 1036
Propagating 1RDM at time step 1037
Propagating 1RDM at time step 1038
Propagating 1RDM at time step 1039
Propagating 1RDM at time step 1040
Propagating 1RDM at time step 1041
Propagating 1RDM at time step 1042
Propagating 1RDM at time step 1043
Propagating 1RDM at time step 1044
Propagating 1RDM at time step 1045
Propagating 1RDM at time step 1046
Propagating 1RDM at time step 1047
Propagating 1RDM at time step 1048
Propagating 1RDM at time step 1049
Propagating 1RDM at time step 1050
Propagating 1RDM at time step 1051
Propagating 1RDM at time step 1052
Propagating 1RDM at time step 1053
Propagating 1RDM at time step 1054
Propagating 1RDM at time step 1055
Propagating 1RDM at time step 1056
Propagating 1RDM at time step 1057
Propagating 1RDM at time step 1058
Propagating 1RDM at time step 1059
Propagating 1RDM at time step 1060
Propagating 1RDM at time step 1061
Propagating 1RDM at time step 1062
Propagating 1RDM at time step 1063
Propagating 1RDM at time step 1064
Propagating 1RDM at time step 1065
Propagating 1RDM at time step 1066
Propagating 1RDM at time step 1067
Propagating 1RDM at time step 1068
Propagating 1RDM at time step 1069
Propagating 1RDM at time step 1070
Propagating 1RDM at time step 1071
Propagating 1RDM at time step 1072
Propagating 1RDM at time step 1073
Propagating 1RDM at time step 1074
Propagating 1RDM at time step 1075
Propagating 1RDM at time step 1076
Propagating 1RDM at time step 1077
Propagating 1RDM at time step 1078
Propagating 1RDM at time step 1079
Propagating 1RDM at time step 1080
Propagating 1RDM at time step 1081
Propagating 1RDM at time step 1082
Propagating 1RDM at time step 1083
Propagating 1RDM at time step 1084
Propagating 1RDM at time step 1085
Propagating 1RDM at time step 1086
Propagating 1RDM at time step 1087
Propagating 1RDM at time step 1088
Propagating 1RDM at time step 1089
Propagating 1RDM at time step 1090
Propagating 1RDM at time step 1091
Propagating 1RDM at time step 1092
Propagating 1RDM at time step 1093
Propagating 1RDM at time step 1094
Propagating 1RDM at time step 1095
Propagating 1RDM at time step 1096
Propagating 1RDM at time step 1097
Propagating 1RDM at time step 1098
Propagating 1RDM at time step 1099
Propagating 1RDM at time step 1100
Propagating 1RDM at time step 1101
Propagating 1RDM at time step 1102
Propagating 1RDM at time step 1103
Propagating 1RDM at time step 1104
Propagating 1RDM at time step 1105
Propagating 1RDM at time step 1106
Propagating 1RDM at time step 1107
Propagating 1RDM at time step 1108
Propagating 1RDM at time step 1109
Propagating 1RDM at time step 1110
Propagating 1RDM at time step 1111
Propagating 1RDM at time step 1112
Propagating 1RDM at time step 1113
Propagating 1RDM at time step 1114
Propagating 1RDM at time step 1115
Propagating 1RDM at time step 1116
Propagating 1RDM at time step 1117
Propagating 1RDM at time step 1118
Propagating 1RDM at time step 1119
Propagating 1RDM at time step 1120
Propagating 1RDM at time step 1121
Propagating 1RDM at time step 1122
Propagating 1RDM at time step 1123
Propagating 1RDM at time step 1124
Propagating 1RDM at time step 1125
Propagating 1RDM at time step 1126
Propagating 1RDM at time step 1127
Propagating 1RDM at time step 1128
Propagating 1RDM at time step 1129
Propagating 1RDM at time step 1130
Propagating 1RDM at time step 1131
Propagating 1RDM at time step 1132
Propagating 1RDM at time step 1133
Propagating 1RDM at time step 1134
Propagating 1RDM at time step 1135
Propagating 1RDM at time step 1136
Propagating 1RDM at time step 1137
Propagating 1RDM at time step 1138
Propagating 1RDM at time step 1139
Propagating 1RDM at time step 1140
Propagating 1RDM at time step 1141
Propagating 1RDM at time step 1142
Propagating 1RDM at time step 1143
Propagating 1RDM at time step 1144
Propagating 1RDM at time step 1145
Propagating 1RDM at time step 1146
Propagating 1RDM at time step 1147
Propagating 1RDM at time step 1148
Propagating 1RDM at time step 1149
Propagating 1RDM at time step 1150
Propagating 1RDM at time step 1151
Propagating 1RDM at time step 1152
Propagating 1RDM at time step 1153
Propagating 1RDM at time step 1154
Propagating 1RDM at time step 1155
Propagating 1RDM at time step 1156
Propagating 1RDM at time step 1157
Propagating 1RDM at time step 1158
Propagating 1RDM at time step 1159
Propagating 1RDM at time step 1160
Propagating 1RDM at time step 1161
Propagating 1RDM at time step 1162
Propagating 1RDM at time step 1163
Propagating 1RDM at time step 1164
Propagating 1RDM at time step 1165
Propagating 1RDM at time step 1166
Propagating 1RDM at time step 1167
Propagating 1RDM at time step 1168
Propagating 1RDM at time step 1169
Propagating 1RDM at time step 1170
Propagating 1RDM at time step 1171
Propagating 1RDM at time step 1172
Propagating 1RDM at time step 1173
Propagating 1RDM at time step 1174
Propagating 1RDM at time step 1175
Propagating 1RDM at time step 1176
Propagating 1RDM at time step 1177
Propagating 1RDM at time step 1178
Propagating 1RDM at time step 1179
Propagating 1RDM at time step 1180
Propagating 1RDM at time step 1181
Propagating 1RDM at time step 1182
Propagating 1RDM at time step 1183
Propagating 1RDM at time step 1184
Propagating 1RDM at time step 1185
Propagating 1RDM at time step 1186
Propagating 1RDM at time step 1187
Propagating 1RDM at time step 1188
Propagating 1RDM at time step 1189
Propagating 1RDM at time step 1190
Propagating 1RDM at time step 1191
Propagating 1RDM at time step 1192
Propagating 1RDM at time step 1193
Propagating 1RDM at time step 1194
Propagating 1RDM at time step 1195
Propagating 1RDM at time step 1196
Propagating 1RDM at time step 1197
Propagating 1RDM at time step 1198
Propagating 1RDM at time step 1199
Propagating 1RDM at time step 1200
Propagating 1RDM at time step 1201
Propagating 1RDM at time step 1202
Propagating 1RDM at time step 1203
Propagating 1RDM at time step 1204
Propagating 1RDM at time step 1205
Propagating 1RDM at time step 1206
Propagating 1RDM at time step 1207
Propagating 1RDM at time step 1208
Propagating 1RDM at time step 1209
Propagating 1RDM at time step 1210
Propagating 1RDM at time step 1211
Propagating 1RDM at time step 1212
Propagating 1RDM at time step 1213
Propagating 1RDM at time step 1214
Propagating 1RDM at time step 1215
Propagating 1RDM at time step 1216
Propagating 1RDM at time step 1217
Propagating 1RDM at time step 1218
Propagating 1RDM at time step 1219
Propagating 1RDM at time step 1220
Propagating 1RDM at time step 1221
Propagating 1RDM at time step 1222
Propagating 1RDM at time step 1223
Propagating 1RDM at time step 1224
Propagating 1RDM at time step 1225
Propagating 1RDM at time step 1226
Propagating 1RDM at time step 1227
Propagating 1RDM at time step 1228
Propagating 1RDM at time step 1229
Propagating 1RDM at time step 1230
Propagating 1RDM at time step 1231
Propagating 1RDM at time step 1232
Propagating 1RDM at time step 1233
Propagating 1RDM at time step 1234
Propagating 1RDM at time step 1235
Propagating 1RDM at time step 1236
Propagating 1RDM at time step 1237
Propagating 1RDM at time step 1238
Propagating 1RDM at time step 1239
Propagating 1RDM at time step 1240
Propagating 1RDM at time step 1241
Propagating 1RDM at time step 1242
Propagating 1RDM at time step 1243
Propagating 1RDM at time step 1244
Propagating 1RDM at time step 1245
Propagating 1RDM at time step 1246
Propagating 1RDM at time step 1247
Propagating 1RDM at time step 1248
Propagating 1RDM at time step 1249
Propagating 1RDM at time step 1250
Propagating 1RDM at time step 1251
Propagating 1RDM at time step 1252
Propagating 1RDM at time step 1253
Propagating 1RDM at time step 1254
Propagating 1RDM at time step 1255
Propagating 1RDM at time step 1256
Propagating 1RDM at time step 1257
Propagating 1RDM at time step 1258
Propagating 1RDM at time step 1259
Propagating 1RDM at time step 1260
Propagating 1RDM at time step 1261
Propagating 1RDM at time step 1262
Propagating 1RDM at time step 1263
Propagating 1RDM at time step 1264
Propagating 1RDM at time step 1265
Propagating 1RDM at time step 1266
Propagating 1RDM at time step 1267
Propagating 1RDM at time step 1268
Propagating 1RDM at time step 1269
Propagating 1RDM at time step 1270
Propagating 1RDM at time step 1271
Propagating 1RDM at time step 1272
Propagating 1RDM at time step 1273
Propagating 1RDM at time step 1274
Propagating 1RDM at time step 1275
Propagating 1RDM at time step 1276
Propagating 1RDM at time step 1277
Propagating 1RDM at time step 1278
Propagating 1RDM at time step 1279
Propagating 1RDM at time step 1280
Propagating 1RDM at time step 1281
Propagating 1RDM at time step 1282
Propagating 1RDM at time step 1283
Propagating 1RDM at time step 1284
Propagating 1RDM at time step 1285
Propagating 1RDM at time step 1286
Propagating 1RDM at time step 1287
Propagating 1RDM at time step 1288
Propagating 1RDM at time step 1289
Propagating 1RDM at time step 1290
Propagating 1RDM at time step 1291
Propagating 1RDM at time step 1292
Propagating 1RDM at time step 1293
Propagating 1RDM at time step 1294
Propagating 1RDM at time step 1295
Propagating 1RDM at time step 1296
Propagating 1RDM at time step 1297
Propagating 1RDM at time step 1298
Propagating 1RDM at time step 1299
Propagating 1RDM at time step 1300
Propagating 1RDM at time step 1301
Propagating 1RDM at time step 1302
Propagating 1RDM at time step 1303
Propagating 1RDM at time step 1304
Propagating 1RDM at time step 1305
Propagating 1RDM at time step 1306
Propagating 1RDM at time step 1307
Propagating 1RDM at time step 1308
Propagating 1RDM at time step 1309
Propagating 1RDM at time step 1310
Propagating 1RDM at time step 1311
Propagating 1RDM at time step 1312
Propagating 1RDM at time step 1313
Propagating 1RDM at time step 1314
Propagating 1RDM at time step 1315
Propagating 1RDM at time step 1316
Propagating 1RDM at time step 1317
Propagating 1RDM at time step 1318
Propagating 1RDM at time step 1319
Propagating 1RDM at time step 1320
Propagating 1RDM at time step 1321
Propagating 1RDM at time step 1322
Propagating 1RDM at time step 1323
Propagating 1RDM at time step 1324
Propagating 1RDM at time step 1325
Propagating 1RDM at time step 1326
Propagating 1RDM at time step 1327
Propagating 1RDM at time step 1328
Propagating 1RDM at time step 1329
Propagating 1RDM at time step 1330
Propagating 1RDM at time step 1331
Propagating 1RDM at time step 1332
Propagating 1RDM at time step 1333
Propagating 1RDM at time step 1334
Propagating 1RDM at time step 1335
Propagating 1RDM at time step 1336
Propagating 1RDM at time step 1337
Propagating 1RDM at time step 1338
Propagating 1RDM at time step 1339
Propagating 1RDM at time step 1340
Propagating 1RDM at time step 1341
Propagating 1RDM at time step 1342
Propagating 1RDM at time step 1343
Propagating 1RDM at time step 1344
Propagating 1RDM at time step 1345
Propagating 1RDM at time step 1346
Propagating 1RDM at time step 1347
Propagating 1RDM at time step 1348
Propagating 1RDM at time step 1349
Propagating 1RDM at time step 1350
Propagating 1RDM at time step 1351
Propagating 1RDM at time step 1352
Propagating 1RDM at time step 1353
Propagating 1RDM at time step 1354
Propagating 1RDM at time step 1355
Propagating 1RDM at time step 1356
Propagating 1RDM at time step 1357
Propagating 1RDM at time step 1358
Propagating 1RDM at time step 1359
Propagating 1RDM at time step 1360
Propagating 1RDM at time step 1361
Propagating 1RDM at time step 1362
Propagating 1RDM at time step 1363
Propagating 1RDM at time step 1364
Propagating 1RDM at time step 1365
Propagating 1RDM at time step 1366
Propagating 1RDM at time step 1367
Propagating 1RDM at time step 1368
Propagating 1RDM at time step 1369
Propagating 1RDM at time step 1370
Propagating 1RDM at time step 1371
Propagating 1RDM at time step 1372
Propagating 1RDM at time step 1373
Propagating 1RDM at time step 1374
Propagating 1RDM at time step 1375
Propagating 1RDM at time step 1376
Propagating 1RDM at time step 1377
Propagating 1RDM at time step 1378
Propagating 1RDM at time step 1379
Propagating 1RDM at time step 1380
Propagating 1RDM at time step 1381
Propagating 1RDM at time step 1382
Propagating 1RDM at time step 1383
Propagating 1RDM at time step 1384
Propagating 1RDM at time step 1385
Propagating 1RDM at time step 1386
Propagating 1RDM at time step 1387
Propagating 1RDM at time step 1388
Propagating 1RDM at time step 1389
Propagating 1RDM at time step 1390
Propagating 1RDM at time step 1391
Propagating 1RDM at time step 1392
Propagating 1RDM at time step 1393
Propagating 1RDM at time step 1394
Propagating 1RDM at time step 1395
Propagating 1RDM at time step 1396
Propagating 1RDM at time step 1397
Propagating 1RDM at time step 1398
Propagating 1RDM at time step 1399
Propagating 1RDM at time step 1400
Propagating 1RDM at time step 1401
Propagating 1RDM at time step 1402
Propagating 1RDM at time step 1403
Propagating 1RDM at time step 1404
Propagating 1RDM at time step 1405
Propagating 1RDM at time step 1406
Propagating 1RDM at time step 1407
Propagating 1RDM at time step 1408
Propagating 1RDM at time step 1409
Propagating 1RDM at time step 1410
Propagating 1RDM at time step 1411
Propagating 1RDM at time step 1412
Propagating 1RDM at time step 1413
Propagating 1RDM at time step 1414
Propagating 1RDM at time step 1415
Propagating 1RDM at time step 1416
Propagating 1RDM at time step 1417
Propagating 1RDM at time step 1418
Propagating 1RDM at time step 1419
Propagating 1RDM at time step 1420
Propagating 1RDM at time step 1421
Propagating 1RDM at time step 1422
Propagating 1RDM at time step 1423
Propagating 1RDM at time step 1424
Propagating 1RDM at time step 1425
Propagating 1RDM at time step 1426
Propagating 1RDM at time step 1427
Propagating 1RDM at time step 1428
Propagating 1RDM at time step 1429
Propagating 1RDM at time step 1430
Propagating 1RDM at time step 1431
Propagating 1RDM at time step 1432
Propagating 1RDM at time step 1433
Propagating 1RDM at time step 1434
Propagating 1RDM at time step 1435
Propagating 1RDM at time step 1436
Propagating 1RDM at time step 1437
Propagating 1RDM at time step 1438
Propagating 1RDM at time step 1439
Propagating 1RDM at time step 1440
Propagating 1RDM at time step 1441
Propagating 1RDM at time step 1442
Propagating 1RDM at time step 1443
Propagating 1RDM at time step 1444
Propagating 1RDM at time step 1445
Propagating 1RDM at time step 1446
Propagating 1RDM at time step 1447
Propagating 1RDM at time step 1448
Propagating 1RDM at time step 1449
Propagating 1RDM at time step 1450
Propagating 1RDM at time step 1451
Propagating 1RDM at time step 1452
Propagating 1RDM at time step 1453
Propagating 1RDM at time step 1454
Propagating 1RDM at time step 1455
Propagating 1RDM at time step 1456
Propagating 1RDM at time step 1457
Propagating 1RDM at time step 1458
Propagating 1RDM at time step 1459
Propagating 1RDM at time step 1460
Propagating 1RDM at time step 1461
Propagating 1RDM at time step 1462
Propagating 1RDM at time step 1463
Propagating 1RDM at time step 1464
Propagating 1RDM at time step 1465
Propagating 1RDM at time step 1466
Propagating 1RDM at time step 1467
Propagating 1RDM at time step 1468
Propagating 1RDM at time step 1469
Propagating 1RDM at time step 1470
Propagating 1RDM at time step 1471
Propagating 1RDM at time step 1472
Propagating 1RDM at time step 1473
Propagating 1RDM at time step 1474
Propagating 1RDM at time step 1475
Propagating 1RDM at time step 1476
Propagating 1RDM at time step 1477
Propagating 1RDM at time step 1478
Propagating 1RDM at time step 1479
Propagating 1RDM at time step 1480
Propagating 1RDM at time step 1481
Propagating 1RDM at time step 1482
Propagating 1RDM at time step 1483
Propagating 1RDM at time step 1484
Propagating 1RDM at time step 1485
Propagating 1RDM at time step 1486
Propagating 1RDM at time step 1487
Propagating 1RDM at time step 1488
Propagating 1RDM at time step 1489
Propagating 1RDM at time step 1490
Propagating 1RDM at time step 1491
Propagating 1RDM at time step 1492
Propagating 1RDM at time step 1493
Propagating 1RDM at time step 1494
Propagating 1RDM at time step 1495
Propagating 1RDM at time step 1496
Propagating 1RDM at time step 1497
Propagating 1RDM at time step 1498
Propagating 1RDM at time step 1499
Propagating 1RDM at time step 1500
Propagating 1RDM at time step 1501
Propagating 1RDM at time step 1502
Propagating 1RDM at time step 1503
Propagating 1RDM at time step 1504
Propagating 1RDM at time step 1505
Propagating 1RDM at time step 1506
Propagating 1RDM at time step 1507
Propagating 1RDM at time step 1508
Propagating 1RDM at time step 1509
Propagating 1RDM at time step 1510
Propagating 1RDM at time step 1511
Propagating 1RDM at time step 1512
Propagating 1RDM at time step 1513
Propagating 1RDM at time step 1514
Propagating 1RDM at time step 1515
Propagating 1RDM at time step 1516
Propagating 1RDM at time step 1517
Propagating 1RDM at time step 1518
Propagating 1RDM at time step 1519
Propagating 1RDM at time step 1520
Propagating 1RDM at time step 1521
Propagating 1RDM at time step 1522
Propagating 1RDM at time step 1523
Propagating 1RDM at time step 1524
Propagating 1RDM at time step 1525
Propagating 1RDM at time step 1526
Propagating 1RDM at time step 1527
Propagating 1RDM at time step 1528
Propagating 1RDM at time step 1529
Propagating 1RDM at time step 1530
Propagating 1RDM at time step 1531
Propagating 1RDM at time step 1532
Propagating 1RDM at time step 1533
Propagating 1RDM at time step 1534
Propagating 1RDM at time step 1535
Propagating 1RDM at time step 1536
Propagating 1RDM at time step 1537
Propagating 1RDM at time step 1538
Propagating 1RDM at time step 1539
Propagating 1RDM at time step 1540
Propagating 1RDM at time step 1541
Propagating 1RDM at time step 1542
Propagating 1RDM at time step 1543
Propagating 1RDM at time step 1544
Propagating 1RDM at time step 1545
Propagating 1RDM at time step 1546
Propagating 1RDM at time step 1547
Propagating 1RDM at time step 1548
Propagating 1RDM at time step 1549
Propagating 1RDM at time step 1550
Propagating 1RDM at time step 1551
Propagating 1RDM at time step 1552
Propagating 1RDM at time step 1553
Propagating 1RDM at time step 1554
Propagating 1RDM at time step 1555
Propagating 1RDM at time step 1556
Propagating 1RDM at time step 1557
Propagating 1RDM at time step 1558
Propagating 1RDM at time step 1559
Propagating 1RDM at time step 1560
Propagating 1RDM at time step 1561
Propagating 1RDM at time step 1562
Propagating 1RDM at time step 1563
Propagating 1RDM at time step 1564
Propagating 1RDM at time step 1565
Propagating 1RDM at time step 1566
Propagating 1RDM at time step 1567
Propagating 1RDM at time step 1568
Propagating 1RDM at time step 1569
Propagating 1RDM at time step 1570
Propagating 1RDM at time step 1571
Propagating 1RDM at time step 1572
Propagating 1RDM at time step 1573
Propagating 1RDM at time step 1574
Propagating 1RDM at time step 1575
Propagating 1RDM at time step 1576
Propagating 1RDM at time step 1577
Propagating 1RDM at time step 1578
Propagating 1RDM at time step 1579
Propagating 1RDM at time step 1580
Propagating 1RDM at time step 1581
Propagating 1RDM at time step 1582
Propagating 1RDM at time step 1583
Propagating 1RDM at time step 1584
Propagating 1RDM at time step 1585
Propagating 1RDM at time step 1586
Propagating 1RDM at time step 1587
Propagating 1RDM at time step 1588
Propagating 1RDM at time step 1589
Propagating 1RDM at time step 1590
Propagating 1RDM at time step 1591
Propagating 1RDM at time step 1592
Propagating 1RDM at time step 1593
Propagating 1RDM at time step 1594
Propagating 1RDM at time step 1595
Propagating 1RDM at time step 1596
Propagating 1RDM at time step 1597
Propagating 1RDM at time step 1598
Propagating 1RDM at time step 1599
Propagating 1RDM at time step 1600
Propagating 1RDM at time step 1601
Propagating 1RDM at time step 1602
Propagating 1RDM at time step 1603
Propagating 1RDM at time step 1604
Propagating 1RDM at time step 1605
Propagating 1RDM at time step 1606
Propagating 1RDM at time step 1607
Propagating 1RDM at time step 1608
Propagating 1RDM at time step 1609
Propagating 1RDM at time step 1610
Propagating 1RDM at time step 1611
Propagating 1RDM at time step 1612
Propagating 1RDM at time step 1613
Propagating 1RDM at time step 1614
Propagating 1RDM at time step 1615
Propagating 1RDM at time step 1616
Propagating 1RDM at time step 1617
Propagating 1RDM at time step 1618
Propagating 1RDM at time step 1619
Propagating 1RDM at time step 1620
Propagating 1RDM at time step 1621
Propagating 1RDM at time step 1622
Propagating 1RDM at time step 1623
Propagating 1RDM at time step 1624
Propagating 1RDM at time step 1625
Propagating 1RDM at time step 1626
Propagating 1RDM at time step 1627
Propagating 1RDM at time step 1628
Propagating 1RDM at time step 1629
Propagating 1RDM at time step 1630
Propagating 1RDM at time step 1631
Propagating 1RDM at time step 1632
Propagating 1RDM at time step 1633
Propagating 1RDM at time step 1634
Propagating 1RDM at time step 1635
Propagating 1RDM at time step 1636
Propagating 1RDM at time step 1637
Propagating 1RDM at time step 1638
Propagating 1RDM at time step 1639
Propagating 1RDM at time step 1640
Propagating 1RDM at time step 1641
Propagating 1RDM at time step 1642
Propagating 1RDM at time step 1643
Propagating 1RDM at time step 1644
Propagating 1RDM at time step 1645
Propagating 1RDM at time step 1646
Propagating 1RDM at time step 1647
Propagating 1RDM at time step 1648
Propagating 1RDM at time step 1649
Propagating 1RDM at time step 1650
Propagating 1RDM at time step 1651
Propagating 1RDM at time step 1652
Propagating 1RDM at time step 1653
Propagating 1RDM at time step 1654
Propagating 1RDM at time step 1655
Propagating 1RDM at time step 1656
Propagating 1RDM at time step 1657
Propagating 1RDM at time step 1658
Propagating 1RDM at time step 1659
Propagating 1RDM at time step 1660
Propagating 1RDM at time step 1661
Propagating 1RDM at time step 1662
Propagating 1RDM at time step 1663
Propagating 1RDM at time step 1664
Propagating 1RDM at time step 1665
Propagating 1RDM at time step 1666
Propagating 1RDM at time step 1667
Propagating 1RDM at time step 1668
Propagating 1RDM at time step 1669
Propagating 1RDM at time step 1670
Propagating 1RDM at time step 1671
Propagating 1RDM at time step 1672
Propagating 1RDM at time step 1673
Propagating 1RDM at time step 1674
Propagating 1RDM at time step 1675
Propagating 1RDM at time step 1676
Propagating 1RDM at time step 1677
Propagating 1RDM at time step 1678
Propagating 1RDM at time step 1679
Propagating 1RDM at time step 1680
Propagating 1RDM at time step 1681
Propagating 1RDM at time step 1682
Propagating 1RDM at time step 1683
Propagating 1RDM at time step 1684
Propagating 1RDM at time step 1685
Propagating 1RDM at time step 1686
Propagating 1RDM at time step 1687
Propagating 1RDM at time step 1688
Propagating 1RDM at time step 1689
Propagating 1RDM at time step 1690
Propagating 1RDM at time step 1691
Propagating 1RDM at time step 1692
Propagating 1RDM at time step 1693
Propagating 1RDM at time step 1694
Propagating 1RDM at time step 1695
Propagating 1RDM at time step 1696
Propagating 1RDM at time step 1697
Propagating 1RDM at time step 1698
Propagating 1RDM at time step 1699
Propagating 1RDM at time step 1700
Propagating 1RDM at time step 1701
Propagating 1RDM at time step 1702
Propagating 1RDM at time step 1703
Propagating 1RDM at time step 1704
Propagating 1RDM at time step 1705
Propagating 1RDM at time step 1706
Propagating 1RDM at time step 1707
Propagating 1RDM at time step 1708
Propagating 1RDM at time step 1709
Propagating 1RDM at time step 1710
Propagating 1RDM at time step 1711
Propagating 1RDM at time step 1712
Propagating 1RDM at time step 1713
Propagating 1RDM at time step 1714
Propagating 1RDM at time step 1715
Propagating 1RDM at time step 1716
Propagating 1RDM at time step 1717
Propagating 1RDM at time step 1718
Propagating 1RDM at time step 1719
Propagating 1RDM at time step 1720
Propagating 1RDM at time step 1721
Propagating 1RDM at time step 1722
Propagating 1RDM at time step 1723
Propagating 1RDM at time step 1724
Propagating 1RDM at time step 1725
Propagating 1RDM at time step 1726
Propagating 1RDM at time step 1727
Propagating 1RDM at time step 1728
Propagating 1RDM at time step 1729
Propagating 1RDM at time step 1730
Propagating 1RDM at time step 1731
Propagating 1RDM at time step 1732
Propagating 1RDM at time step 1733
Propagating 1RDM at time step 1734
Propagating 1RDM at time step 1735
Propagating 1RDM at time step 1736
Propagating 1RDM at time step 1737
Propagating 1RDM at time step 1738
Propagating 1RDM at time step 1739
Propagating 1RDM at time step 1740
Propagating 1RDM at time step 1741
Propagating 1RDM at time step 1742
Propagating 1RDM at time step 1743
Propagating 1RDM at time step 1744
Propagating 1RDM at time step 1745
Propagating 1RDM at time step 1746
Propagating 1RDM at time step 1747
Propagating 1RDM at time step 1748
Propagating 1RDM at time step 1749
Propagating 1RDM at time step 1750
Propagating 1RDM at time step 1751
Propagating 1RDM at time step 1752
Propagating 1RDM at time step 1753
Propagating 1RDM at time step 1754
Propagating 1RDM at time step 1755
Propagating 1RDM at time step 1756
Propagating 1RDM at time step 1757
Propagating 1RDM at time step 1758
Propagating 1RDM at time step 1759
Propagating 1RDM at time step 1760
Propagating 1RDM at time step 1761
Propagating 1RDM at time step 1762
Propagating 1RDM at time step 1763
Propagating 1RDM at time step 1764
Propagating 1RDM at time step 1765
Propagating 1RDM at time step 1766
Propagating 1RDM at time step 1767
Propagating 1RDM at time step 1768
Propagating 1RDM at time step 1769
Propagating 1RDM at time step 1770
Propagating 1RDM at time step 1771
Propagating 1RDM at time step 1772
Propagating 1RDM at time step 1773
Propagating 1RDM at time step 1774
Propagating 1RDM at time step 1775
Propagating 1RDM at time step 1776
Propagating 1RDM at time step 1777
Propagating 1RDM at time step 1778
Propagating 1RDM at time step 1779
Propagating 1RDM at time step 1780
Propagating 1RDM at time step 1781
Propagating 1RDM at time step 1782
Propagating 1RDM at time step 1783
Propagating 1RDM at time step 1784
Propagating 1RDM at time step 1785
Propagating 1RDM at time step 1786
Propagating 1RDM at time step 1787
Propagating 1RDM at time step 1788
Propagating 1RDM at time step 1789
Propagating 1RDM at time step 1790
Propagating 1RDM at time step 1791
Propagating 1RDM at time step 1792
Propagating 1RDM at time step 1793
Propagating 1RDM at time step 1794
Propagating 1RDM at time step 1795
Propagating 1RDM at time step 1796
Propagating 1RDM at time step 1797
Propagating 1RDM at time step 1798
Propagating 1RDM at time step 1799
Propagating 1RDM at time step 1800
Propagating 1RDM at time step 1801
Propagating 1RDM at time step 1802
Propagating 1RDM at time step 1803
Propagating 1RDM at time step 1804
Propagating 1RDM at time step 1805
Propagating 1RDM at time step 1806
Propagating 1RDM at time step 1807
Propagating 1RDM at time step 1808
Propagating 1RDM at time step 1809
Propagating 1RDM at time step 1810
Propagating 1RDM at time step 1811
Propagating 1RDM at time step 1812
Propagating 1RDM at time step 1813
Propagating 1RDM at time step 1814
Propagating 1RDM at time step 1815
Propagating 1RDM at time step 1816
Propagating 1RDM at time step 1817
Propagating 1RDM at time step 1818
Propagating 1RDM at time step 1819
Propagating 1RDM at time step 1820
Propagating 1RDM at time step 1821
Propagating 1RDM at time step 1822
Propagating 1RDM at time step 1823
Propagating 1RDM at time step 1824
Propagating 1RDM at time step 1825
Propagating 1RDM at time step 1826
Propagating 1RDM at time step 1827
Propagating 1RDM at time step 1828
Propagating 1RDM at time step 1829
Propagating 1RDM at time step 1830
Propagating 1RDM at time step 1831
Propagating 1RDM at time step 1832
Propagating 1RDM at time step 1833
Propagating 1RDM at time step 1834
Propagating 1RDM at time step 1835
Propagating 1RDM at time step 1836
Propagating 1RDM at time step 1837
Propagating 1RDM at time step 1838
Propagating 1RDM at time step 1839
Propagating 1RDM at time step 1840
Propagating 1RDM at time step 1841
Propagating 1RDM at time step 1842
Propagating 1RDM at time step 1843
Propagating 1RDM at time step 1844
Propagating 1RDM at time step 1845
Propagating 1RDM at time step 1846
Propagating 1RDM at time step 1847
Propagating 1RDM at time step 1848
Propagating 1RDM at time step 1849
Propagating 1RDM at time step 1850
Propagating 1RDM at time step 1851
Propagating 1RDM at time step 1852
Propagating 1RDM at time step 1853
Propagating 1RDM at time step 1854
Propagating 1RDM at time step 1855
Propagating 1RDM at time step 1856
Propagating 1RDM at time step 1857
Propagating 1RDM at time step 1858
Propagating 1RDM at time step 1859
Propagating 1RDM at time step 1860
Propagating 1RDM at time step 1861
Propagating 1RDM at time step 1862
Propagating 1RDM at time step 1863
Propagating 1RDM at time step 1864
Propagating 1RDM at time step 1865
Propagating 1RDM at time step 1866
Propagating 1RDM at time step 1867
Propagating 1RDM at time step 1868
Propagating 1RDM at time step 1869
Propagating 1RDM at time step 1870
Propagating 1RDM at time step 1871
Propagating 1RDM at time step 1872
Propagating 1RDM at time step 1873
Propagating 1RDM at time step 1874
Propagating 1RDM at time step 1875
Propagating 1RDM at time step 1876
Propagating 1RDM at time step 1877
Propagating 1RDM at time step 1878
Propagating 1RDM at time step 1879
Propagating 1RDM at time step 1880
Propagating 1RDM at time step 1881
Propagating 1RDM at time step 1882
Propagating 1RDM at time step 1883
Propagating 1RDM at time step 1884
Propagating 1RDM at time step 1885
Propagating 1RDM at time step 1886
Propagating 1RDM at time step 1887
Propagating 1RDM at time step 1888
Propagating 1RDM at time step 1889
Propagating 1RDM at time step 1890
Propagating 1RDM at time step 1891
Propagating 1RDM at time step 1892
Propagating 1RDM at time step 1893
Propagating 1RDM at time step 1894
Propagating 1RDM at time step 1895
Propagating 1RDM at time step 1896
Propagating 1RDM at time step 1897
Propagating 1RDM at time step 1898
Propagating 1RDM at time step 1899
Propagating 1RDM at time step 1900
Propagating 1RDM at time step 1901
Propagating 1RDM at time step 1902
Propagating 1RDM at time step 1903
Propagating 1RDM at time step 1904
Propagating 1RDM at time step 1905
Propagating 1RDM at time step 1906
Propagating 1RDM at time step 1907
Propagating 1RDM at time step 1908
Propagating 1RDM at time step 1909
Propagating 1RDM at time step 1910
Propagating 1RDM at time step 1911
Propagating 1RDM at time step 1912
Propagating 1RDM at time step 1913
Propagating 1RDM at time step 1914
Propagating 1RDM at time step 1915
Propagating 1RDM at time step 1916
Propagating 1RDM at time step 1917
Propagating 1RDM at time step 1918
Propagating 1RDM at time step 1919
Propagating 1RDM at time step 1920
Propagating 1RDM at time step 1921
Propagating 1RDM at time step 1922
Propagating 1RDM at time step 1923
Propagating 1RDM at time step 1924
Propagating 1RDM at time step 1925
Propagating 1RDM at time step 1926
Propagating 1RDM at time step 1927
Propagating 1RDM at time step 1928
Propagating 1RDM at time step 1929
Propagating 1RDM at time step 1930
Propagating 1RDM at time step 1931
Propagating 1RDM at time step 1932
Propagating 1RDM at time step 1933
Propagating 1RDM at time step 1934
Propagating 1RDM at time step 1935
Propagating 1RDM at time step 1936
Propagating 1RDM at time step 1937
Propagating 1RDM at time step 1938
Propagating 1RDM at time step 1939
Propagating 1RDM at time step 1940
Propagating 1RDM at time step 1941
Propagating 1RDM at time step 1942
Propagating 1RDM at time step 1943
Propagating 1RDM at time step 1944
Propagating 1RDM at time step 1945
Propagating 1RDM at time step 1946
Propagating 1RDM at time step 1947
Propagating 1RDM at time step 1948
Propagating 1RDM at time step 1949
Propagating 1RDM at time step 1950
Propagating 1RDM at time step 1951
Propagating 1RDM at time step 1952
Propagating 1RDM at time step 1953
Propagating 1RDM at time step 1954
Propagating 1RDM at time step 1955
Propagating 1RDM at time step 1956
Propagating 1RDM at time step 1957
Propagating 1RDM at time step 1958
Propagating 1RDM at time step 1959
Propagating 1RDM at time step 1960
Propagating 1RDM at time step 1961
Propagating 1RDM at time step 1962
Propagating 1RDM at time step 1963
Propagating 1RDM at time step 1964
Propagating 1RDM at time step 1965
Propagating 1RDM at time step 1966
Propagating 1RDM at time step 1967
Propagating 1RDM at time step 1968
Propagating 1RDM at time step 1969
Propagating 1RDM at time step 1970
Propagating 1RDM at time step 1971
Propagating 1RDM at time step 1972
Propagating 1RDM at time step 1973
Propagating 1RDM at time step 1974
Propagating 1RDM at time step 1975
Propagating 1RDM at time step 1976
Propagating 1RDM at time step 1977
Propagating 1RDM at time step 1978
Propagating 1RDM at time step 1979
Propagating 1RDM at time step 1980
Propagating 1RDM at time step 1981
Propagating 1RDM at time step 1982
Propagating 1RDM at time step 1983
Propagating 1RDM at time step 1984
Propagating 1RDM at time step 1985
Propagating 1RDM at time step 1986
Propagating 1RDM at time step 1987
Propagating 1RDM at time step 1988
Propagating 1RDM at time step 1989
Propagating 1RDM at time step 1990
Propagating 1RDM at time step 1991
Propagating 1RDM at time step 1992
Propagating 1RDM at time step 1993
Propagating 1RDM at time step 1994
Propagating 1RDM at time step 1995
Propagating 1RDM at time step 1996
Propagating 1RDM at time step 1997
Propagating 1RDM at time step 1998
Propagating 1RDM at time step 1999
Propagating 1RDM at time step 2000
Propagating 1RDM at time step 2001
Propagating 1RDM at time step 2002
Propagating 1RDM at time step 2003
Propagating 1RDM at time step 2004
Propagating 1RDM at time step 2005
Propagating 1RDM at time step 2006
Propagating 1RDM at time step 2007
Propagating 1RDM at time step 2008
Propagating 1RDM at time step 2009
Propagating 1RDM at time step 2010
Propagating 1RDM at time step 2011
Propagating 1RDM at time step 2012
Propagating 1RDM at time step 2013
Propagating 1RDM at time step 2014
Propagating 1RDM at time step 2015
Propagating 1RDM at time step 2016
Propagating 1RDM at time step 2017
Propagating 1RDM at time step 2018
Propagating 1RDM at time step 2019
Propagating 1RDM at time step 2020
Propagating 1RDM at time step 2021
Propagating 1RDM at time step 2022
Propagating 1RDM at time step 2023
Propagating 1RDM at time step 2024
Propagating 1RDM at time step 2025
Propagating 1RDM at time step 2026
Propagating 1RDM at time step 2027
Propagating 1RDM at time step 2028
Propagating 1RDM at time step 2029
Propagating 1RDM at time step 2030
Propagating 1RDM at time step 2031
Propagating 1RDM at time step 2032
Propagating 1RDM at time step 2033
Propagating 1RDM at time step 2034
Propagating 1RDM at time step 2035
Propagating 1RDM at time step 2036
Propagating 1RDM at time step 2037
Propagating 1RDM at time step 2038
Propagating 1RDM at time step 2039
Propagating 1RDM at time step 2040
Propagating 1RDM at time step 2041
Propagating 1RDM at time step 2042
Propagating 1RDM at time step 2043
Propagating 1RDM at time step 2044
Propagating 1RDM at time step 2045
Propagating 1RDM at time step 2046
Propagating 1RDM at time step 2047
Propagating 1RDM at time step 2048
Propagating 1RDM at time step 2049
Propagating 1RDM at time step 2050
Propagating 1RDM at time step 2051
Propagating 1RDM at time step 2052
Propagating 1RDM at time step 2053
Propagating 1RDM at time step 2054
Propagating 1RDM at time step 2055
Propagating 1RDM at time step 2056
Propagating 1RDM at time step 2057
Propagating 1RDM at time step 2058
Propagating 1RDM at time step 2059
Propagating 1RDM at time step 2060
Propagating 1RDM at time step 2061
Propagating 1RDM at time step 2062
Propagating 1RDM at time step 2063
Propagating 1RDM at time step 2064
Propagating 1RDM at time step 2065
Propagating 1RDM at time step 2066
Propagating 1RDM at time step 2067
Propagating 1RDM at time step 2068
Propagating 1RDM at time step 2069
Propagating 1RDM at time step 2070
Propagating 1RDM at time step 2071
Propagating 1RDM at time step 2072
Propagating 1RDM at time step 2073
Propagating 1RDM at time step 2074
Propagating 1RDM at time step 2075
Propagating 1RDM at time step 2076
Propagating 1RDM at time step 2077
Propagating 1RDM at time step 2078
Propagating 1RDM at time step 2079
Propagating 1RDM at time step 2080
Propagating 1RDM at time step 2081
Propagating 1RDM at time step 2082
Propagating 1RDM at time step 2083
Propagating 1RDM at time step 2084
Propagating 1RDM at time step 2085
Propagating 1RDM at time step 2086
Propagating 1RDM at time step 2087
Propagating 1RDM at time step 2088
Propagating 1RDM at time step 2089
Propagating 1RDM at time step 2090
Propagating 1RDM at time step 2091
Propagating 1RDM at time step 2092
Propagating 1RDM at time step 2093
Propagating 1RDM at time step 2094
Propagating 1RDM at time step 2095
Propagating 1RDM at time step 2096
Propagating 1RDM at time step 2097
Propagating 1RDM at time step 2098
Propagating 1RDM at time step 2099
Propagating 1RDM at time step 2100
Propagating 1RDM at time step 2101
Propagating 1RDM at time step 2102
Propagating 1RDM at time step 2103
Propagating 1RDM at time step 2104
Propagating 1RDM at time step 2105
Propagating 1RDM at time step 2106
Propagating 1RDM at time step 2107
Propagating 1RDM at time step 2108
Propagating 1RDM at time step 2109
Propagating 1RDM at time step 2110
Propagating 1RDM at time step 2111
Propagating 1RDM at time step 2112
Propagating 1RDM at time step 2113
Propagating 1RDM at time step 2114
Propagating 1RDM at time step 2115
Propagating 1RDM at time step 2116
Propagating 1RDM at time step 2117
Propagating 1RDM at time step 2118
Propagating 1RDM at time step 2119
Propagating 1RDM at time step 2120
Propagating 1RDM at time step 2121
Propagating 1RDM at time step 2122
Propagating 1RDM at time step 2123
Propagating 1RDM at time step 2124
Propagating 1RDM at time step 2125
Propagating 1RDM at time step 2126
Propagating 1RDM at time step 2127
Propagating 1RDM at time step 2128
Propagating 1RDM at time step 2129
Propagating 1RDM at time step 2130
Propagating 1RDM at time step 2131
Propagating 1RDM at time step 2132
Propagating 1RDM at time step 2133
Propagating 1RDM at time step 2134
Propagating 1RDM at time step 2135
Propagating 1RDM at time step 2136
Propagating 1RDM at time step 2137
Propagating 1RDM at time step 2138
Propagating 1RDM at time step 2139
Propagating 1RDM at time step 2140
Propagating 1RDM at time step 2141
Propagating 1RDM at time step 2142
Propagating 1RDM at time step 2143
Propagating 1RDM at time step 2144
Propagating 1RDM at time step 2145
Propagating 1RDM at time step 2146
Propagating 1RDM at time step 2147
Propagating 1RDM at time step 2148
Propagating 1RDM at time step 2149
Propagating 1RDM at time step 2150
Propagating 1RDM at time step 2151
Propagating 1RDM at time step 2152
Propagating 1RDM at time step 2153
Propagating 1RDM at time step 2154
Propagating 1RDM at time step 2155
Propagating 1RDM at time step 2156
Propagating 1RDM at time step 2157
Propagating 1RDM at time step 2158
Propagating 1RDM at time step 2159
Propagating 1RDM at time step 2160
Propagating 1RDM at time step 2161
Propagating 1RDM at time step 2162
Propagating 1RDM at time step 2163
Propagating 1RDM at time step 2164
Propagating 1RDM at time step 2165
Propagating 1RDM at time step 2166
Propagating 1RDM at time step 2167
Propagating 1RDM at time step 2168
Propagating 1RDM at time step 2169
Propagating 1RDM at time step 2170
Propagating 1RDM at time step 2171
Propagating 1RDM at time step 2172
Propagating 1RDM at time step 2173
Propagating 1RDM at time step 2174
Propagating 1RDM at time step 2175
Propagating 1RDM at time step 2176
Propagating 1RDM at time step 2177
Propagating 1RDM at time step 2178
Propagating 1RDM at time step 2179
Propagating 1RDM at time step 2180
Propagating 1RDM at time step 2181
Propagating 1RDM at time step 2182
Propagating 1RDM at time step 2183
Propagating 1RDM at time step 2184
Propagating 1RDM at time step 2185
Propagating 1RDM at time step 2186
Propagating 1RDM at time step 2187
Propagating 1RDM at time step 2188
Propagating 1RDM at time step 2189
Propagating 1RDM at time step 2190
Propagating 1RDM at time step 2191
Propagating 1RDM at time step 2192
Propagating 1RDM at time step 2193
Propagating 1RDM at time step 2194
Propagating 1RDM at time step 2195
Propagating 1RDM at time step 2196
Propagating 1RDM at time step 2197
Propagating 1RDM at time step 2198
Propagating 1RDM at time step 2199
Propagating 1RDM at time step 2200
Propagating 1RDM at time step 2201
Propagating 1RDM at time step 2202
Propagating 1RDM at time step 2203
Propagating 1RDM at time step 2204
Propagating 1RDM at time step 2205
Propagating 1RDM at time step 2206
Propagating 1RDM at time step 2207
Propagating 1RDM at time step 2208
Propagating 1RDM at time step 2209
Propagating 1RDM at time step 2210
Propagating 1RDM at time step 2211
Propagating 1RDM at time step 2212
Propagating 1RDM at time step 2213
Propagating 1RDM at time step 2214
Propagating 1RDM at time step 2215
Propagating 1RDM at time step 2216
Propagating 1RDM at time step 2217
Propagating 1RDM at time step 2218
Propagating 1RDM at time step 2219
Propagating 1RDM at time step 2220
Propagating 1RDM at time step 2221
Propagating 1RDM at time step 2222
Propagating 1RDM at time step 2223
Propagating 1RDM at time step 2224
Propagating 1RDM at time step 2225
Propagating 1RDM at time step 2226
Propagating 1RDM at time step 2227
Propagating 1RDM at time step 2228
Propagating 1RDM at time step 2229
Propagating 1RDM at time step 2230
Propagating 1RDM at time step 2231
Propagating 1RDM at time step 2232
Propagating 1RDM at time step 2233
Propagating 1RDM at time step 2234
Propagating 1RDM at time step 2235
Propagating 1RDM at time step 2236
Propagating 1RDM at time step 2237
Propagating 1RDM at time step 2238
Propagating 1RDM at time step 2239
Propagating 1RDM at time step 2240
Propagating 1RDM at time step 2241
Propagating 1RDM at time step 2242
Propagating 1RDM at time step 2243
Propagating 1RDM at time step 2244
Propagating 1RDM at time step 2245
Propagating 1RDM at time step 2246
Propagating 1RDM at time step 2247
Propagating 1RDM at time step 2248
Propagating 1RDM at time step 2249
Propagating 1RDM at time step 2250
Propagating 1RDM at time step 2251
Propagating 1RDM at time step 2252
Propagating 1RDM at time step 2253
Propagating 1RDM at time step 2254
Propagating 1RDM at time step 2255
Propagating 1RDM at time step 2256
Propagating 1RDM at time step 2257
Propagating 1RDM at time step 2258
Propagating 1RDM at time step 2259
Propagating 1RDM at time step 2260
Propagating 1RDM at time step 2261
Propagating 1RDM at time step 2262
Propagating 1RDM at time step 2263
Propagating 1RDM at time step 2264
Propagating 1RDM at time step 2265
Propagating 1RDM at time step 2266
Propagating 1RDM at time step 2267
Propagating 1RDM at time step 2268
Propagating 1RDM at time step 2269
Propagating 1RDM at time step 2270
Propagating 1RDM at time step 2271
Propagating 1RDM at time step 2272
Propagating 1RDM at time step 2273
Propagating 1RDM at time step 2274
Propagating 1RDM at time step 2275
Propagating 1RDM at time step 2276
Propagating 1RDM at time step 2277
Propagating 1RDM at time step 2278
Propagating 1RDM at time step 2279
Propagating 1RDM at time step 2280
Propagating 1RDM at time step 2281
Propagating 1RDM at time step 2282
Propagating 1RDM at time step 2283
Propagating 1RDM at time step 2284
Propagating 1RDM at time step 2285
Propagating 1RDM at time step 2286
Propagating 1RDM at time step 2287
Propagating 1RDM at time step 2288
Propagating 1RDM at time step 2289
Propagating 1RDM at time step 2290
Propagating 1RDM at time step 2291
Propagating 1RDM at time step 2292
Propagating 1RDM at time step 2293
Propagating 1RDM at time step 2294
Propagating 1RDM at time step 2295
Propagating 1RDM at time step 2296
Propagating 1RDM at time step 2297
Propagating 1RDM at time step 2298
Propagating 1RDM at time step 2299
Propagating 1RDM at time step 2300
Propagating 1RDM at time step 2301
Propagating 1RDM at time step 2302
Propagating 1RDM at time step 2303
Propagating 1RDM at time step 2304
Propagating 1RDM at time step 2305
Propagating 1RDM at time step 2306
Propagating 1RDM at time step 2307
Propagating 1RDM at time step 2308
Propagating 1RDM at time step 2309
Propagating 1RDM at time step 2310
Propagating 1RDM at time step 2311
Propagating 1RDM at time step 2312
Propagating 1RDM at time step 2313
Propagating 1RDM at time step 2314
Propagating 1RDM at time step 2315
Propagating 1RDM at time step 2316
Propagating 1RDM at time step 2317
Propagating 1RDM at time step 2318
Propagating 1RDM at time step 2319
Propagating 1RDM at time step 2320
Propagating 1RDM at time step 2321
Propagating 1RDM at time step 2322
Propagating 1RDM at time step 2323
Propagating 1RDM at time step 2324
Propagating 1RDM at time step 2325
Propagating 1RDM at time step 2326
Propagating 1RDM at time step 2327
Propagating 1RDM at time step 2328
Propagating 1RDM at time step 2329
Propagating 1RDM at time step 2330
Propagating 1RDM at time step 2331
Propagating 1RDM at time step 2332
Propagating 1RDM at time step 2333
Propagating 1RDM at time step 2334
Propagating 1RDM at time step 2335
Propagating 1RDM at time step 2336
Propagating 1RDM at time step 2337
Propagating 1RDM at time step 2338
Propagating 1RDM at time step 2339
Propagating 1RDM at time step 2340
Propagating 1RDM at time step 2341
Propagating 1RDM at time step 2342
Propagating 1RDM at time step 2343
Propagating 1RDM at time step 2344
Propagating 1RDM at time step 2345
Propagating 1RDM at time step 2346
Propagating 1RDM at time step 2347
Propagating 1RDM at time step 2348
Propagating 1RDM at time step 2349
Propagating 1RDM at time step 2350
Propagating 1RDM at time step 2351
Propagating 1RDM at time step 2352
Propagating 1RDM at time step 2353
Propagating 1RDM at time step 2354
Propagating 1RDM at time step 2355
Propagating 1RDM at time step 2356
Propagating 1RDM at time step 2357
Propagating 1RDM at time step 2358
Propagating 1RDM at time step 2359
Propagating 1RDM at time step 2360
Propagating 1RDM at time step 2361
Propagating 1RDM at time step 2362
Propagating 1RDM at time step 2363
Propagating 1RDM at time step 2364
Propagating 1RDM at time step 2365
Propagating 1RDM at time step 2366
Propagating 1RDM at time step 2367
Propagating 1RDM at time step 2368
Propagating 1RDM at time step 2369
Propagating 1RDM at time step 2370
Propagating 1RDM at time step 2371
Propagating 1RDM at time step 2372
Propagating 1RDM at time step 2373
Propagating 1RDM at time step 2374
Propagating 1RDM at time step 2375
Propagating 1RDM at time step 2376
Propagating 1RDM at time step 2377
Propagating 1RDM at time step 2378
Propagating 1RDM at time step 2379
Propagating 1RDM at time step 2380
Propagating 1RDM at time step 2381
Propagating 1RDM at time step 2382
Propagating 1RDM at time step 2383
Propagating 1RDM at time step 2384
Propagating 1RDM at time step 2385
Propagating 1RDM at time step 2386
Propagating 1RDM at time step 2387
Propagating 1RDM at time step 2388
Propagating 1RDM at time step 2389
Propagating 1RDM at time step 2390
Propagating 1RDM at time step 2391
Propagating 1RDM at time step 2392
Propagating 1RDM at time step 2393
Propagating 1RDM at time step 2394
Propagating 1RDM at time step 2395
Propagating 1RDM at time step 2396
Propagating 1RDM at time step 2397
Propagating 1RDM at time step 2398
Propagating 1RDM at time step 2399
Propagating 1RDM at time step 2400
Propagating 1RDM at time step 2401
Propagating 1RDM at time step 2402
Propagating 1RDM at time step 2403
Propagating 1RDM at time step 2404
Propagating 1RDM at time step 2405
Propagating 1RDM at time step 2406
Propagating 1RDM at time step 2407
Propagating 1RDM at time step 2408
Propagating 1RDM at time step 2409
Propagating 1RDM at time step 2410
Propagating 1RDM at time step 2411
Propagating 1RDM at time step 2412
Propagating 1RDM at time step 2413
Propagating 1RDM at time step 2414
Propagating 1RDM at time step 2415
Propagating 1RDM at time step 2416
Propagating 1RDM at time step 2417
Propagating 1RDM at time step 2418
Propagating 1RDM at time step 2419
Propagating 1RDM at time step 2420
Propagating 1RDM at time step 2421
Propagating 1RDM at time step 2422
Propagating 1RDM at time step 2423
Propagating 1RDM at time step 2424
Propagating 1RDM at time step 2425
Propagating 1RDM at time step 2426
Propagating 1RDM at time step 2427
Propagating 1RDM at time step 2428
Propagating 1RDM at time step 2429
Propagating 1RDM at time step 2430
Propagating 1RDM at time step 2431
Propagating 1RDM at time step 2432
Propagating 1RDM at time step 2433
Propagating 1RDM at time step 2434
Propagating 1RDM at time step 2435
Propagating 1RDM at time step 2436
Propagating 1RDM at time step 2437
Propagating 1RDM at time step 2438
Propagating 1RDM at time step 2439
Propagating 1RDM at time step 2440
Propagating 1RDM at time step 2441
Propagating 1RDM at time step 2442
Propagating 1RDM at time step 2443
Propagating 1RDM at time step 2444
Propagating 1RDM at time step 2445
Propagating 1RDM at time step 2446
Propagating 1RDM at time step 2447
Propagating 1RDM at time step 2448
Propagating 1RDM at time step 2449
Propagating 1RDM at time step 2450
Propagating 1RDM at time step 2451
Propagating 1RDM at time step 2452
Propagating 1RDM at time step 2453
Propagating 1RDM at time step 2454
Propagating 1RDM at time step 2455
Propagating 1RDM at time step 2456
Propagating 1RDM at time step 2457
Propagating 1RDM at time step 2458
Propagating 1RDM at time step 2459
Propagating 1RDM at time step 2460
Propagating 1RDM at time step 2461
Propagating 1RDM at time step 2462
Propagating 1RDM at time step 2463
Propagating 1RDM at time step 2464
Propagating 1RDM at time step 2465
Propagating 1RDM at time step 2466
Propagating 1RDM at time step 2467
Propagating 1RDM at time step 2468
Propagating 1RDM at time step 2469
Propagating 1RDM at time step 2470
Propagating 1RDM at time step 2471
Propagating 1RDM at time step 2472
Propagating 1RDM at time step 2473
Propagating 1RDM at time step 2474
Propagating 1RDM at time step 2475
Propagating 1RDM at time step 2476
Propagating 1RDM at time step 2477
Propagating 1RDM at time step 2478
Propagating 1RDM at time step 2479
Propagating 1RDM at time step 2480
Propagating 1RDM at time step 2481
Propagating 1RDM at time step 2482
Propagating 1RDM at time step 2483
Propagating 1RDM at time step 2484
Propagating 1RDM at time step 2485
Propagating 1RDM at time step 2486
Propagating 1RDM at time step 2487
Propagating 1RDM at time step 2488
Propagating 1RDM at time step 2489
Propagating 1RDM at time step 2490
Propagating 1RDM at time step 2491
Propagating 1RDM at time step 2492
Propagating 1RDM at time step 2493
Propagating 1RDM at time step 2494
Propagating 1RDM at time step 2495
Propagating 1RDM at time step 2496
Propagating 1RDM at time step 2497
Propagating 1RDM at time step 2498
Propagating 1RDM at time step 2499
Propagating 1RDM at time step 2500
Propagating 1RDM at time step 2501
Propagating 1RDM at time step 2502
Propagating 1RDM at time step 2503
Propagating 1RDM at time step 2504
Propagating 1RDM at time step 2505
Propagating 1RDM at time step 2506
Propagating 1RDM at time step 2507
Propagating 1RDM at time step 2508
Propagating 1RDM at time step 2509
Propagating 1RDM at time step 2510
Propagating 1RDM at time step 2511
Propagating 1RDM at time step 2512
Propagating 1RDM at time step 2513
Propagating 1RDM at time step 2514
Propagating 1RDM at time step 2515
Propagating 1RDM at time step 2516
Propagating 1RDM at time step 2517
Propagating 1RDM at time step 2518
Propagating 1RDM at time step 2519
Propagating 1RDM at time step 2520
Propagating 1RDM at time step 2521
Propagating 1RDM at time step 2522
Propagating 1RDM at time step 2523
Propagating 1RDM at time step 2524
Propagating 1RDM at time step 2525
Propagating 1RDM at time step 2526
Propagating 1RDM at time step 2527
Propagating 1RDM at time step 2528
Propagating 1RDM at time step 2529
Propagating 1RDM at time step 2530
Propagating 1RDM at time step 2531
Propagating 1RDM at time step 2532
Propagating 1RDM at time step 2533
Propagating 1RDM at time step 2534
Propagating 1RDM at time step 2535
Propagating 1RDM at time step 2536
Propagating 1RDM at time step 2537
Propagating 1RDM at time step 2538
Propagating 1RDM at time step 2539
Propagating 1RDM at time step 2540
Propagating 1RDM at time step 2541
Propagating 1RDM at time step 2542
Propagating 1RDM at time step 2543
Propagating 1RDM at time step 2544
Propagating 1RDM at time step 2545
Propagating 1RDM at time step 2546
Propagating 1RDM at time step 2547
Propagating 1RDM at time step 2548
Propagating 1RDM at time step 2549
Propagating 1RDM at time step 2550
Propagating 1RDM at time step 2551
Propagating 1RDM at time step 2552
Propagating 1RDM at time step 2553
Propagating 1RDM at time step 2554
Propagating 1RDM at time step 2555
Propagating 1RDM at time step 2556
Propagating 1RDM at time step 2557
Propagating 1RDM at time step 2558
Propagating 1RDM at time step 2559
Propagating 1RDM at time step 2560
Propagating 1RDM at time step 2561
Propagating 1RDM at time step 2562
Propagating 1RDM at time step 2563
Propagating 1RDM at time step 2564
Propagating 1RDM at time step 2565
Propagating 1RDM at time step 2566
Propagating 1RDM at time step 2567
Propagating 1RDM at time step 2568
Propagating 1RDM at time step 2569
Propagating 1RDM at time step 2570
Propagating 1RDM at time step 2571
Propagating 1RDM at time step 2572
Propagating 1RDM at time step 2573
Propagating 1RDM at time step 2574
Propagating 1RDM at time step 2575
Propagating 1RDM at time step 2576
Propagating 1RDM at time step 2577
Propagating 1RDM at time step 2578
Propagating 1RDM at time step 2579
Propagating 1RDM at time step 2580
Propagating 1RDM at time step 2581
Propagating 1RDM at time step 2582
Propagating 1RDM at time step 2583
Propagating 1RDM at time step 2584
Propagating 1RDM at time step 2585
Propagating 1RDM at time step 2586
Propagating 1RDM at time step 2587
Propagating 1RDM at time step 2588
Propagating 1RDM at time step 2589
Propagating 1RDM at time step 2590
Propagating 1RDM at time step 2591
Propagating 1RDM at time step 2592
Propagating 1RDM at time step 2593
Propagating 1RDM at time step 2594
Propagating 1RDM at time step 2595
Propagating 1RDM at time step 2596
Propagating 1RDM at time step 2597
Propagating 1RDM at time step 2598
Propagating 1RDM at time step 2599
Propagating 1RDM at time step 2600
Propagating 1RDM at time step 2601
Propagating 1RDM at time step 2602
Propagating 1RDM at time step 2603
Propagating 1RDM at time step 2604
Propagating 1RDM at time step 2605
Propagating 1RDM at time step 2606
Propagating 1RDM at time step 2607
Propagating 1RDM at time step 2608
Propagating 1RDM at time step 2609
Propagating 1RDM at time step 2610
Propagating 1RDM at time step 2611
Propagating 1RDM at time step 2612
Propagating 1RDM at time step 2613
Propagating 1RDM at time step 2614
Propagating 1RDM at time step 2615
Propagating 1RDM at time step 2616
Propagating 1RDM at time step 2617
Propagating 1RDM at time step 2618
Propagating 1RDM at time step 2619
Propagating 1RDM at time step 2620
Propagating 1RDM at time step 2621
Propagating 1RDM at time step 2622
Propagating 1RDM at time step 2623
Propagating 1RDM at time step 2624
Propagating 1RDM at time step 2625
Propagating 1RDM at time step 2626
Propagating 1RDM at time step 2627
Propagating 1RDM at time step 2628
Propagating 1RDM at time step 2629
Propagating 1RDM at time step 2630
Propagating 1RDM at time step 2631
Propagating 1RDM at time step 2632
Propagating 1RDM at time step 2633
Propagating 1RDM at time step 2634
Propagating 1RDM at time step 2635
Propagating 1RDM at time step 2636
Propagating 1RDM at time step 2637
Propagating 1RDM at time step 2638
Propagating 1RDM at time step 2639
Propagating 1RDM at time step 2640
Propagating 1RDM at time step 2641
Propagating 1RDM at time step 2642
Propagating 1RDM at time step 2643
Propagating 1RDM at time step 2644
Propagating 1RDM at time step 2645
Propagating 1RDM at time step 2646
Propagating 1RDM at time step 2647
Propagating 1RDM at time step 2648
Propagating 1RDM at time step 2649
Propagating 1RDM at time step 2650
Propagating 1RDM at time step 2651
Propagating 1RDM at time step 2652
Propagating 1RDM at time step 2653
Propagating 1RDM at time step 2654
Propagating 1RDM at time step 2655
Propagating 1RDM at time step 2656
Propagating 1RDM at time step 2657
Propagating 1RDM at time step 2658
Propagating 1RDM at time step 2659
Propagating 1RDM at time step 2660
Propagating 1RDM at time step 2661
Propagating 1RDM at time step 2662
Propagating 1RDM at time step 2663
Propagating 1RDM at time step 2664
Propagating 1RDM at time step 2665
Propagating 1RDM at time step 2666
Propagating 1RDM at time step 2667
Propagating 1RDM at time step 2668
Propagating 1RDM at time step 2669
Propagating 1RDM at time step 2670
Propagating 1RDM at time step 2671
Propagating 1RDM at time step 2672
Propagating 1RDM at time step 2673
Propagating 1RDM at time step 2674
Propagating 1RDM at time step 2675
Propagating 1RDM at time step 2676
Propagating 1RDM at time step 2677
Propagating 1RDM at time step 2678
Propagating 1RDM at time step 2679
Propagating 1RDM at time step 2680
Propagating 1RDM at time step 2681
Propagating 1RDM at time step 2682
Propagating 1RDM at time step 2683
Propagating 1RDM at time step 2684
Propagating 1RDM at time step 2685
Propagating 1RDM at time step 2686
Propagating 1RDM at time step 2687
Propagating 1RDM at time step 2688
Propagating 1RDM at time step 2689
Propagating 1RDM at time step 2690
Propagating 1RDM at time step 2691
Propagating 1RDM at time step 2692
Propagating 1RDM at time step 2693
Propagating 1RDM at time step 2694
Propagating 1RDM at time step 2695
Propagating 1RDM at time step 2696
Propagating 1RDM at time step 2697
Propagating 1RDM at time step 2698
Propagating 1RDM at time step 2699
Propagating 1RDM at time step 2700
Propagating 1RDM at time step 2701
Propagating 1RDM at time step 2702
Propagating 1RDM at time step 2703
Propagating 1RDM at time step 2704
Propagating 1RDM at time step 2705
Propagating 1RDM at time step 2706
Propagating 1RDM at time step 2707
Propagating 1RDM at time step 2708
Propagating 1RDM at time step 2709
Propagating 1RDM at time step 2710
Propagating 1RDM at time step 2711
Propagating 1RDM at time step 2712
Propagating 1RDM at time step 2713
Propagating 1RDM at time step 2714
Propagating 1RDM at time step 2715
Propagating 1RDM at time step 2716
Propagating 1RDM at time step 2717
Propagating 1RDM at time step 2718
Propagating 1RDM at time step 2719
Propagating 1RDM at time step 2720
Propagating 1RDM at time step 2721
Propagating 1RDM at time step 2722
Propagating 1RDM at time step 2723
Propagating 1RDM at time step 2724
Propagating 1RDM at time step 2725
Propagating 1RDM at time step 2726
Propagating 1RDM at time step 2727
Propagating 1RDM at time step 2728
Propagating 1RDM at time step 2729
Propagating 1RDM at time step 2730
Propagating 1RDM at time step 2731
Propagating 1RDM at time step 2732
Propagating 1RDM at time step 2733
Propagating 1RDM at time step 2734
Propagating 1RDM at time step 2735
Propagating 1RDM at time step 2736
Propagating 1RDM at time step 2737
Propagating 1RDM at time step 2738
Propagating 1RDM at time step 2739
Propagating 1RDM at time step 2740
Propagating 1RDM at time step 2741
Propagating 1RDM at time step 2742
Propagating 1RDM at time step 2743
Propagating 1RDM at time step 2744
Propagating 1RDM at time step 2745
Propagating 1RDM at time step 2746
Propagating 1RDM at time step 2747
Propagating 1RDM at time step 2748
Propagating 1RDM at time step 2749
Propagating 1RDM at time step 2750
Propagating 1RDM at time step 2751
Propagating 1RDM at time step 2752
Propagating 1RDM at time step 2753
Propagating 1RDM at time step 2754
Propagating 1RDM at time step 2755
Propagating 1RDM at time step 2756
Propagating 1RDM at time step 2757
Propagating 1RDM at time step 2758
Propagating 1RDM at time step 2759
Propagating 1RDM at time step 2760
Propagating 1RDM at time step 2761
Propagating 1RDM at time step 2762
Propagating 1RDM at time step 2763
Propagating 1RDM at time step 2764
Propagating 1RDM at time step 2765
Propagating 1RDM at time step 2766
Propagating 1RDM at time step 2767
Propagating 1RDM at time step 2768
Propagating 1RDM at time step 2769
Propagating 1RDM at time step 2770
Propagating 1RDM at time step 2771
Propagating 1RDM at time step 2772
Propagating 1RDM at time step 2773
Propagating 1RDM at time step 2774
Propagating 1RDM at time step 2775
Propagating 1RDM at time step 2776
Propagating 1RDM at time step 2777
Propagating 1RDM at time step 2778
Propagating 1RDM at time step 2779
Propagating 1RDM at time step 2780
Propagating 1RDM at time step 2781
Propagating 1RDM at time step 2782
Propagating 1RDM at time step 2783
Propagating 1RDM at time step 2784
Propagating 1RDM at time step 2785
Propagating 1RDM at time step 2786
Propagating 1RDM at time step 2787
Propagating 1RDM at time step 2788
Propagating 1RDM at time step 2789
Propagating 1RDM at time step 2790
Propagating 1RDM at time step 2791
Propagating 1RDM at time step 2792
Propagating 1RDM at time step 2793
Propagating 1RDM at time step 2794
Propagating 1RDM at time step 2795
Propagating 1RDM at time step 2796
Propagating 1RDM at time step 2797
Propagating 1RDM at time step 2798
Propagating 1RDM at time step 2799
Propagating 1RDM at time step 2800
Propagating 1RDM at time step 2801
Propagating 1RDM at time step 2802
Propagating 1RDM at time step 2803
Propagating 1RDM at time step 2804
Propagating 1RDM at time step 2805
Propagating 1RDM at time step 2806
Propagating 1RDM at time step 2807
Propagating 1RDM at time step 2808
Propagating 1RDM at time step 2809
Propagating 1RDM at time step 2810
Propagating 1RDM at time step 2811
Propagating 1RDM at time step 2812
Propagating 1RDM at time step 2813
Propagating 1RDM at time step 2814
Propagating 1RDM at time step 2815
Propagating 1RDM at time step 2816
Propagating 1RDM at time step 2817
Propagating 1RDM at time step 2818
Propagating 1RDM at time step 2819
Propagating 1RDM at time step 2820
Propagating 1RDM at time step 2821
Propagating 1RDM at time step 2822
Propagating 1RDM at time step 2823
Propagating 1RDM at time step 2824
Propagating 1RDM at time step 2825
Propagating 1RDM at time step 2826
Propagating 1RDM at time step 2827
Propagating 1RDM at time step 2828
Propagating 1RDM at time step 2829
Propagating 1RDM at time step 2830
Propagating 1RDM at time step 2831
Propagating 1RDM at time step 2832
Propagating 1RDM at time step 2833
Propagating 1RDM at time step 2834
Propagating 1RDM at time step 2835
Propagating 1RDM at time step 2836
Propagating 1RDM at time step 2837
Propagating 1RDM at time step 2838
Propagating 1RDM at time step 2839
Propagating 1RDM at time step 2840
Propagating 1RDM at time step 2841
Propagating 1RDM at time step 2842
Propagating 1RDM at time step 2843
Propagating 1RDM at time step 2844
Propagating 1RDM at time step 2845
Propagating 1RDM at time step 2846
Propagating 1RDM at time step 2847
Propagating 1RDM at time step 2848
Propagating 1RDM at time step 2849
Propagating 1RDM at time step 2850
Propagating 1RDM at time step 2851
Propagating 1RDM at time step 2852
Propagating 1RDM at time step 2853
Propagating 1RDM at time step 2854
Propagating 1RDM at time step 2855
Propagating 1RDM at time step 2856
Propagating 1RDM at time step 2857
Propagating 1RDM at time step 2858
Propagating 1RDM at time step 2859
Propagating 1RDM at time step 2860
Propagating 1RDM at time step 2861
Propagating 1RDM at time step 2862
Propagating 1RDM at time step 2863
Propagating 1RDM at time step 2864
Propagating 1RDM at time step 2865
Propagating 1RDM at time step 2866
Propagating 1RDM at time step 2867
Propagating 1RDM at time step 2868
Propagating 1RDM at time step 2869
Propagating 1RDM at time step 2870
Propagating 1RDM at time step 2871
Propagating 1RDM at time step 2872
Propagating 1RDM at time step 2873
Propagating 1RDM at time step 2874
Propagating 1RDM at time step 2875
Propagating 1RDM at time step 2876
Propagating 1RDM at time step 2877
Propagating 1RDM at time step 2878
Propagating 1RDM at time step 2879
Propagating 1RDM at time step 2880
Propagating 1RDM at time step 2881
Propagating 1RDM at time step 2882
Propagating 1RDM at time step 2883
Propagating 1RDM at time step 2884
Propagating 1RDM at time step 2885
Propagating 1RDM at time step 2886
Propagating 1RDM at time step 2887
Propagating 1RDM at time step 2888
Propagating 1RDM at time step 2889
Propagating 1RDM at time step 2890
Propagating 1RDM at time step 2891
Propagating 1RDM at time step 2892
Propagating 1RDM at time step 2893
Propagating 1RDM at time step 2894
Propagating 1RDM at time step 2895
Propagating 1RDM at time step 2896
Propagating 1RDM at time step 2897
Propagating 1RDM at time step 2898
Propagating 1RDM at time step 2899
Propagating 1RDM at time step 2900
Propagating 1RDM at time step 2901
Propagating 1RDM at time step 2902
Propagating 1RDM at time step 2903
Propagating 1RDM at time step 2904
Propagating 1RDM at time step 2905
Propagating 1RDM at time step 2906
Propagating 1RDM at time step 2907
Propagating 1RDM at time step 2908
Propagating 1RDM at time step 2909
Propagating 1RDM at time step 2910
Propagating 1RDM at time step 2911
Propagating 1RDM at time step 2912
Propagating 1RDM at time step 2913
Propagating 1RDM at time step 2914
Propagating 1RDM at time step 2915
Propagating 1RDM at time step 2916
Propagating 1RDM at time step 2917
Propagating 1RDM at time step 2918
Propagating 1RDM at time step 2919
Propagating 1RDM at time step 2920
Propagating 1RDM at time step 2921
Propagating 1RDM at time step 2922
Propagating 1RDM at time step 2923
Propagating 1RDM at time step 2924
Propagating 1RDM at time step 2925
Propagating 1RDM at time step 2926
Propagating 1RDM at time step 2927
Propagating 1RDM at time step 2928
Propagating 1RDM at time step 2929
Propagating 1RDM at time step 2930
Propagating 1RDM at time step 2931
Propagating 1RDM at time step 2932
Propagating 1RDM at time step 2933
Propagating 1RDM at time step 2934
Propagating 1RDM at time step 2935
Propagating 1RDM at time step 2936
Propagating 1RDM at time step 2937
Propagating 1RDM at time step 2938
Propagating 1RDM at time step 2939
Propagating 1RDM at time step 2940
Propagating 1RDM at time step 2941
Propagating 1RDM at time step 2942
Propagating 1RDM at time step 2943
Propagating 1RDM at time step 2944
Propagating 1RDM at time step 2945
Propagating 1RDM at time step 2946
Propagating 1RDM at time step 2947
Propagating 1RDM at time step 2948
Propagating 1RDM at time step 2949
Propagating 1RDM at time step 2950
Propagating 1RDM at time step 2951
Propagating 1RDM at time step 2952
Propagating 1RDM at time step 2953
Propagating 1RDM at time step 2954
Propagating 1RDM at time step 2955
Propagating 1RDM at time step 2956
Propagating 1RDM at time step 2957
Propagating 1RDM at time step 2958
Propagating 1RDM at time step 2959
Propagating 1RDM at time step 2960
Propagating 1RDM at time step 2961
Propagating 1RDM at time step 2962
Propagating 1RDM at time step 2963
Propagating 1RDM at time step 2964
Propagating 1RDM at time step 2965
Propagating 1RDM at time step 2966
Propagating 1RDM at time step 2967
Propagating 1RDM at time step 2968
Propagating 1RDM at time step 2969
Propagating 1RDM at time step 2970
Propagating 1RDM at time step 2971
Propagating 1RDM at time step 2972
Propagating 1RDM at time step 2973
Propagating 1RDM at time step 2974
Propagating 1RDM at time step 2975
Propagating 1RDM at time step 2976
Propagating 1RDM at time step 2977
Propagating 1RDM at time step 2978
Propagating 1RDM at time step 2979
Propagating 1RDM at time step 2980
Propagating 1RDM at time step 2981
Propagating 1RDM at time step 2982
Propagating 1RDM at time step 2983
Propagating 1RDM at time step 2984
Propagating 1RDM at time step 2985
Propagating 1RDM at time step 2986
Propagating 1RDM at time step 2987
Propagating 1RDM at time step 2988
Propagating 1RDM at time step 2989
Propagating 1RDM at time step 2990
Propagating 1RDM at time step 2991
Propagating 1RDM at time step 2992
Propagating 1RDM at time step 2993
Propagating 1RDM at time step 2994
Propagating 1RDM at time step 2995
Propagating 1RDM at time step 2996
Propagating 1RDM at time step 2997
Propagating 1RDM at time step 2998
Propagating 1RDM at time step 2999
Propagating 1RDM at time step 3000
Propagating 1RDM at time step 3001
Propagating 1RDM at time step 3002
Propagating 1RDM at time step 3003
Propagating 1RDM at time step 3004
Propagating 1RDM at time step 3005
Propagating 1RDM at time step 3006
Propagating 1RDM at time step 3007
Propagating 1RDM at time step 3008
Propagating 1RDM at time step 3009
Propagating 1RDM at time step 3010
Propagating 1RDM at time step 3011
Propagating 1RDM at time step 3012
Propagating 1RDM at time step 3013
Propagating 1RDM at time step 3014
Propagating 1RDM at time step 3015
Propagating 1RDM at time step 3016
Propagating 1RDM at time step 3017
Propagating 1RDM at time step 3018
Propagating 1RDM at time step 3019
Propagating 1RDM at time step 3020
Propagating 1RDM at time step 3021
Propagating 1RDM at time step 3022
Propagating 1RDM at time step 3023
Propagating 1RDM at time step 3024
Propagating 1RDM at time step 3025
Propagating 1RDM at time step 3026
Propagating 1RDM at time step 3027
Propagating 1RDM at time step 3028
Propagating 1RDM at time step 3029
Propagating 1RDM at time step 3030
Propagating 1RDM at time step 3031
Propagating 1RDM at time step 3032
Propagating 1RDM at time step 3033
Propagating 1RDM at time step 3034
Propagating 1RDM at time step 3035
Propagating 1RDM at time step 3036
Propagating 1RDM at time step 3037
Propagating 1RDM at time step 3038
Propagating 1RDM at time step 3039
Propagating 1RDM at time step 3040
Propagating 1RDM at time step 3041
Propagating 1RDM at time step 3042
Propagating 1RDM at time step 3043
Propagating 1RDM at time step 3044
Propagating 1RDM at time step 3045
Propagating 1RDM at time step 3046
Propagating 1RDM at time step 3047
Propagating 1RDM at time step 3048
Propagating 1RDM at time step 3049
Propagating 1RDM at time step 3050
Propagating 1RDM at time step 3051
Propagating 1RDM at time step 3052
Propagating 1RDM at time step 3053
Propagating 1RDM at time step 3054
Propagating 1RDM at time step 3055
Propagating 1RDM at time step 3056
Propagating 1RDM at time step 3057
Propagating 1RDM at time step 3058
Propagating 1RDM at time step 3059
Propagating 1RDM at time step 3060
Propagating 1RDM at time step 3061
Propagating 1RDM at time step 3062
Propagating 1RDM at time step 3063
Propagating 1RDM at time step 3064
Propagating 1RDM at time step 3065
Propagating 1RDM at time step 3066
Propagating 1RDM at time step 3067
Propagating 1RDM at time step 3068
Propagating 1RDM at time step 3069
Propagating 1RDM at time step 3070
Propagating 1RDM at time step 3071
Propagating 1RDM at time step 3072
Propagating 1RDM at time step 3073
Propagating 1RDM at time step 3074
Propagating 1RDM at time step 3075
Propagating 1RDM at time step 3076
Propagating 1RDM at time step 3077
Propagating 1RDM at time step 3078
Propagating 1RDM at time step 3079
Propagating 1RDM at time step 3080
Propagating 1RDM at time step 3081
Propagating 1RDM at time step 3082
Propagating 1RDM at time step 3083
Propagating 1RDM at time step 3084
Propagating 1RDM at time step 3085
Propagating 1RDM at time step 3086
Propagating 1RDM at time step 3087
Propagating 1RDM at time step 3088
Propagating 1RDM at time step 3089
Propagating 1RDM at time step 3090
Propagating 1RDM at time step 3091
Propagating 1RDM at time step 3092
Propagating 1RDM at time step 3093
Propagating 1RDM at time step 3094
Propagating 1RDM at time step 3095
Propagating 1RDM at time step 3096
Propagating 1RDM at time step 3097
Propagating 1RDM at time step 3098
Propagating 1RDM at time step 3099
Propagating 1RDM at time step 3100
Propagating 1RDM at time step 3101
Propagating 1RDM at time step 3102
Propagating 1RDM at time step 3103
Propagating 1RDM at time step 3104
Propagating 1RDM at time step 3105
Propagating 1RDM at time step 3106
Propagating 1RDM at time step 3107
Propagating 1RDM at time step 3108
Propagating 1RDM at time step 3109
Propagating 1RDM at time step 3110
Propagating 1RDM at time step 3111
Propagating 1RDM at time step 3112
Propagating 1RDM at time step 3113
Propagating 1RDM at time step 3114
Propagating 1RDM at time step 3115
Propagating 1RDM at time step 3116
Propagating 1RDM at time step 3117
Propagating 1RDM at time step 3118
Propagating 1RDM at time step 3119
Propagating 1RDM at time step 3120
Propagating 1RDM at time step 3121
Propagating 1RDM at time step 3122
Propagating 1RDM at time step 3123
Propagating 1RDM at time step 3124
Propagating 1RDM at time step 3125
Propagating 1RDM at time step 3126
Propagating 1RDM at time step 3127
Propagating 1RDM at time step 3128
Propagating 1RDM at time step 3129
Propagating 1RDM at time step 3130
Propagating 1RDM at time step 3131
Propagating 1RDM at time step 3132
Propagating 1RDM at time step 3133
Propagating 1RDM at time step 3134
Propagating 1RDM at time step 3135
Propagating 1RDM at time step 3136
Propagating 1RDM at time step 3137
Propagating 1RDM at time step 3138
Propagating 1RDM at time step 3139
Propagating 1RDM at time step 3140
Propagating 1RDM at time step 3141
Propagating 1RDM at time step 3142
Propagating 1RDM at time step 3143
Propagating 1RDM at time step 3144
Propagating 1RDM at time step 3145
Propagating 1RDM at time step 3146
Propagating 1RDM at time step 3147
Propagating 1RDM at time step 3148
Propagating 1RDM at time step 3149
Propagating 1RDM at time step 3150
Propagating 1RDM at time step 3151
Propagating 1RDM at time step 3152
Propagating 1RDM at time step 3153
Propagating 1RDM at time step 3154
Propagating 1RDM at time step 3155
Propagating 1RDM at time step 3156
Propagating 1RDM at time step 3157
Propagating 1RDM at time step 3158
Propagating 1RDM at time step 3159
Propagating 1RDM at time step 3160
Propagating 1RDM at time step 3161
Propagating 1RDM at time step 3162
Propagating 1RDM at time step 3163
Propagating 1RDM at time step 3164
Propagating 1RDM at time step 3165
Propagating 1RDM at time step 3166
Propagating 1RDM at time step 3167
Propagating 1RDM at time step 3168
Propagating 1RDM at time step 3169
Propagating 1RDM at time step 3170
Propagating 1RDM at time step 3171
Propagating 1RDM at time step 3172
Propagating 1RDM at time step 3173
Propagating 1RDM at time step 3174
Propagating 1RDM at time step 3175
Propagating 1RDM at time step 3176
Propagating 1RDM at time step 3177
Propagating 1RDM at time step 3178
Propagating 1RDM at time step 3179
Propagating 1RDM at time step 3180
Propagating 1RDM at time step 3181
Propagating 1RDM at time step 3182
Propagating 1RDM at time step 3183
Propagating 1RDM at time step 3184
Propagating 1RDM at time step 3185
Propagating 1RDM at time step 3186
Propagating 1RDM at time step 3187
Propagating 1RDM at time step 3188
Propagating 1RDM at time step 3189
Propagating 1RDM at time step 3190
Propagating 1RDM at time step 3191
Propagating 1RDM at time step 3192
Propagating 1RDM at time step 3193
Propagating 1RDM at time step 3194
Propagating 1RDM at time step 3195
Propagating 1RDM at time step 3196
Propagating 1RDM at time step 3197
Propagating 1RDM at time step 3198
Propagating 1RDM at time step 3199
Propagating 1RDM at time step 3200
Propagating 1RDM at time step 3201
Propagating 1RDM at time step 3202
Propagating 1RDM at time step 3203
Propagating 1RDM at time step 3204
Propagating 1RDM at time step 3205
Propagating 1RDM at time step 3206
Propagating 1RDM at time step 3207
Propagating 1RDM at time step 3208
Propagating 1RDM at time step 3209
Propagating 1RDM at time step 3210
Propagating 1RDM at time step 3211
Propagating 1RDM at time step 3212
Propagating 1RDM at time step 3213
Propagating 1RDM at time step 3214
Propagating 1RDM at time step 3215
Propagating 1RDM at time step 3216
Propagating 1RDM at time step 3217
Propagating 1RDM at time step 3218
Propagating 1RDM at time step 3219
Propagating 1RDM at time step 3220
Propagating 1RDM at time step 3221
Propagating 1RDM at time step 3222
Propagating 1RDM at time step 3223
Propagating 1RDM at time step 3224
Propagating 1RDM at time step 3225
Propagating 1RDM at time step 3226
Propagating 1RDM at time step 3227
Propagating 1RDM at time step 3228
Propagating 1RDM at time step 3229
Propagating 1RDM at time step 3230
Propagating 1RDM at time step 3231
Propagating 1RDM at time step 3232
Propagating 1RDM at time step 3233
Propagating 1RDM at time step 3234
Propagating 1RDM at time step 3235
Propagating 1RDM at time step 3236
Propagating 1RDM at time step 3237
Propagating 1RDM at time step 3238
Propagating 1RDM at time step 3239
Propagating 1RDM at time step 3240
Propagating 1RDM at time step 3241
Propagating 1RDM at time step 3242
Propagating 1RDM at time step 3243
Propagating 1RDM at time step 3244
Propagating 1RDM at time step 3245
Propagating 1RDM at time step 3246
Propagating 1RDM at time step 3247
Propagating 1RDM at time step 3248
Propagating 1RDM at time step 3249
Propagating 1RDM at time step 3250
Propagating 1RDM at time step 3251
Propagating 1RDM at time step 3252
Propagating 1RDM at time step 3253
Propagating 1RDM at time step 3254
Propagating 1RDM at time step 3255
Propagating 1RDM at time step 3256
Propagating 1RDM at time step 3257
Propagating 1RDM at time step 3258
Propagating 1RDM at time step 3259
Propagating 1RDM at time step 3260
Propagating 1RDM at time step 3261
Propagating 1RDM at time step 3262
Propagating 1RDM at time step 3263
Propagating 1RDM at time step 3264
Propagating 1RDM at time step 3265
Propagating 1RDM at time step 3266
Propagating 1RDM at time step 3267
Propagating 1RDM at time step 3268
Propagating 1RDM at time step 3269
Propagating 1RDM at time step 3270
Propagating 1RDM at time step 3271
Propagating 1RDM at time step 3272
Propagating 1RDM at time step 3273
Propagating 1RDM at time step 3274
Propagating 1RDM at time step 3275
Propagating 1RDM at time step 3276
Propagating 1RDM at time step 3277
Propagating 1RDM at time step 3278
Propagating 1RDM at time step 3279
Propagating 1RDM at time step 3280
Propagating 1RDM at time step 3281
Propagating 1RDM at time step 3282
Propagating 1RDM at time step 3283
Propagating 1RDM at time step 3284
Propagating 1RDM at time step 3285
Propagating 1RDM at time step 3286
Propagating 1RDM at time step 3287
Propagating 1RDM at time step 3288
Propagating 1RDM at time step 3289
Propagating 1RDM at time step 3290
Propagating 1RDM at time step 3291
Propagating 1RDM at time step 3292
Propagating 1RDM at time step 3293
Propagating 1RDM at time step 3294
Propagating 1RDM at time step 3295
Propagating 1RDM at time step 3296
Propagating 1RDM at time step 3297
Propagating 1RDM at time step 3298
Propagating 1RDM at time step 3299
Propagating 1RDM at time step 3300
Propagating 1RDM at time step 3301
Propagating 1RDM at time step 3302
Propagating 1RDM at time step 3303
Propagating 1RDM at time step 3304
Propagating 1RDM at time step 3305
Propagating 1RDM at time step 3306
Propagating 1RDM at time step 3307
Propagating 1RDM at time step 3308
Propagating 1RDM at time step 3309
Propagating 1RDM at time step 3310
Propagating 1RDM at time step 3311
Propagating 1RDM at time step 3312
Propagating 1RDM at time step 3313
Propagating 1RDM at time step 3314
Propagating 1RDM at time step 3315
Propagating 1RDM at time step 3316
Propagating 1RDM at time step 3317
Propagating 1RDM at time step 3318
Propagating 1RDM at time step 3319
Propagating 1RDM at time step 3320
Propagating 1RDM at time step 3321
Propagating 1RDM at time step 3322
Propagating 1RDM at time step 3323
Propagating 1RDM at time step 3324
Propagating 1RDM at time step 3325
Propagating 1RDM at time step 3326
Propagating 1RDM at time step 3327
Propagating 1RDM at time step 3328
Propagating 1RDM at time step 3329
Propagating 1RDM at time step 3330
Propagating 1RDM at time step 3331
Propagating 1RDM at time step 3332
Propagating 1RDM at time step 3333
Propagating 1RDM at time step 3334
Propagating 1RDM at time step 3335
Propagating 1RDM at time step 3336
Propagating 1RDM at time step 3337
Propagating 1RDM at time step 3338
Propagating 1RDM at time step 3339
Propagating 1RDM at time step 3340
Propagating 1RDM at time step 3341
Propagating 1RDM at time step 3342
Propagating 1RDM at time step 3343
Propagating 1RDM at time step 3344
Propagating 1RDM at time step 3345
Propagating 1RDM at time step 3346
Propagating 1RDM at time step 3347
Propagating 1RDM at time step 3348
Propagating 1RDM at time step 3349
Propagating 1RDM at time step 3350
Propagating 1RDM at time step 3351
Propagating 1RDM at time step 3352
Propagating 1RDM at time step 3353
Propagating 1RDM at time step 3354
Propagating 1RDM at time step 3355
Propagating 1RDM at time step 3356
Propagating 1RDM at time step 3357
Propagating 1RDM at time step 3358
Propagating 1RDM at time step 3359
Propagating 1RDM at time step 3360
Propagating 1RDM at time step 3361
Propagating 1RDM at time step 3362
Propagating 1RDM at time step 3363
Propagating 1RDM at time step 3364
Propagating 1RDM at time step 3365
Propagating 1RDM at time step 3366
Propagating 1RDM at time step 3367
Propagating 1RDM at time step 3368
Propagating 1RDM at time step 3369
Propagating 1RDM at time step 3370
Propagating 1RDM at time step 3371
Propagating 1RDM at time step 3372
Propagating 1RDM at time step 3373
Propagating 1RDM at time step 3374
Propagating 1RDM at time step 3375
Propagating 1RDM at time step 3376
Propagating 1RDM at time step 3377
Propagating 1RDM at time step 3378
Propagating 1RDM at time step 3379
Propagating 1RDM at time step 3380
Propagating 1RDM at time step 3381
Propagating 1RDM at time step 3382
Propagating 1RDM at time step 3383
Propagating 1RDM at time step 3384
Propagating 1RDM at time step 3385
Propagating 1RDM at time step 3386
Propagating 1RDM at time step 3387
Propagating 1RDM at time step 3388
Propagating 1RDM at time step 3389
Propagating 1RDM at time step 3390
Propagating 1RDM at time step 3391
Propagating 1RDM at time step 3392
Propagating 1RDM at time step 3393
Propagating 1RDM at time step 3394
Propagating 1RDM at time step 3395
Propagating 1RDM at time step 3396
Propagating 1RDM at time step 3397
Propagating 1RDM at time step 3398
Propagating 1RDM at time step 3399
Propagating 1RDM at time step 3400
Propagating 1RDM at time step 3401
Propagating 1RDM at time step 3402
Propagating 1RDM at time step 3403
Propagating 1RDM at time step 3404
Propagating 1RDM at time step 3405
Propagating 1RDM at time step 3406
Propagating 1RDM at time step 3407
Propagating 1RDM at time step 3408
Propagating 1RDM at time step 3409
Propagating 1RDM at time step 3410
Propagating 1RDM at time step 3411
Propagating 1RDM at time step 3412
Propagating 1RDM at time step 3413
Propagating 1RDM at time step 3414
Propagating 1RDM at time step 3415
Propagating 1RDM at time step 3416
Propagating 1RDM at time step 3417
Propagating 1RDM at time step 3418
Propagating 1RDM at time step 3419
Propagating 1RDM at time step 3420
Propagating 1RDM at time step 3421
Propagating 1RDM at time step 3422
Propagating 1RDM at time step 3423
Propagating 1RDM at time step 3424
Propagating 1RDM at time step 3425
Propagating 1RDM at time step 3426
Propagating 1RDM at time step 3427
Propagating 1RDM at time step 3428
Propagating 1RDM at time step 3429
Propagating 1RDM at time step 3430
Propagating 1RDM at time step 3431
Propagating 1RDM at time step 3432
Propagating 1RDM at time step 3433
Propagating 1RDM at time step 3434
Propagating 1RDM at time step 3435
Propagating 1RDM at time step 3436
Propagating 1RDM at time step 3437
Propagating 1RDM at time step 3438
Propagating 1RDM at time step 3439
Propagating 1RDM at time step 3440
Propagating 1RDM at time step 3441
Propagating 1RDM at time step 3442
Propagating 1RDM at time step 3443
Propagating 1RDM at time step 3444
Propagating 1RDM at time step 3445
Propagating 1RDM at time step 3446
Propagating 1RDM at time step 3447
Propagating 1RDM at time step 3448
Propagating 1RDM at time step 3449
Propagating 1RDM at time step 3450
Propagating 1RDM at time step 3451
Propagating 1RDM at time step 3452
Propagating 1RDM at time step 3453
Propagating 1RDM at time step 3454
Propagating 1RDM at time step 3455
Propagating 1RDM at time step 3456
Propagating 1RDM at time step 3457
Propagating 1RDM at time step 3458
Propagating 1RDM at time step 3459
Propagating 1RDM at time step 3460
Propagating 1RDM at time step 3461
Propagating 1RDM at time step 3462
Propagating 1RDM at time step 3463
Propagating 1RDM at time step 3464
Propagating 1RDM at time step 3465
Propagating 1RDM at time step 3466
Propagating 1RDM at time step 3467
Propagating 1RDM at time step 3468
Propagating 1RDM at time step 3469
Propagating 1RDM at time step 3470
Propagating 1RDM at time step 3471
Propagating 1RDM at time step 3472
Propagating 1RDM at time step 3473
Propagating 1RDM at time step 3474
Propagating 1RDM at time step 3475
Propagating 1RDM at time step 3476
Propagating 1RDM at time step 3477
Propagating 1RDM at time step 3478
Propagating 1RDM at time step 3479
Propagating 1RDM at time step 3480
Propagating 1RDM at time step 3481
Propagating 1RDM at time step 3482
Propagating 1RDM at time step 3483
Propagating 1RDM at time step 3484
Propagating 1RDM at time step 3485
Propagating 1RDM at time step 3486
Propagating 1RDM at time step 3487
Propagating 1RDM at time step 3488
Propagating 1RDM at time step 3489
Propagating 1RDM at time step 3490
Propagating 1RDM at time step 3491
Propagating 1RDM at time step 3492
Propagating 1RDM at time step 3493
Propagating 1RDM at time step 3494
Propagating 1RDM at time step 3495
Propagating 1RDM at time step 3496
Propagating 1RDM at time step 3497
Propagating 1RDM at time step 3498
Propagating 1RDM at time step 3499
Propagating 1RDM at time step 3500
Propagating 1RDM at time step 3501
Propagating 1RDM at time step 3502
Propagating 1RDM at time step 3503
Propagating 1RDM at time step 3504
Propagating 1RDM at time step 3505
Propagating 1RDM at time step 3506
Propagating 1RDM at time step 3507
Propagating 1RDM at time step 3508
Propagating 1RDM at time step 3509
Propagating 1RDM at time step 3510
Propagating 1RDM at time step 3511
Propagating 1RDM at time step 3512
Propagating 1RDM at time step 3513
Propagating 1RDM at time step 3514
Propagating 1RDM at time step 3515
Propagating 1RDM at time step 3516
Propagating 1RDM at time step 3517
Propagating 1RDM at time step 3518
Propagating 1RDM at time step 3519
Propagating 1RDM at time step 3520
Propagating 1RDM at time step 3521
Propagating 1RDM at time step 3522
Propagating 1RDM at time step 3523
Propagating 1RDM at time step 3524
Propagating 1RDM at time step 3525
Propagating 1RDM at time step 3526
Propagating 1RDM at time step 3527
Propagating 1RDM at time step 3528
Propagating 1RDM at time step 3529
Propagating 1RDM at time step 3530
Propagating 1RDM at time step 3531
Propagating 1RDM at time step 3532
Propagating 1RDM at time step 3533
Propagating 1RDM at time step 3534
Propagating 1RDM at time step 3535
Propagating 1RDM at time step 3536
Propagating 1RDM at time step 3537
Propagating 1RDM at time step 3538
Propagating 1RDM at time step 3539
Propagating 1RDM at time step 3540
Propagating 1RDM at time step 3541
Propagating 1RDM at time step 3542
Propagating 1RDM at time step 3543
Propagating 1RDM at time step 3544
Propagating 1RDM at time step 3545
Propagating 1RDM at time step 3546
Propagating 1RDM at time step 3547
Propagating 1RDM at time step 3548
Propagating 1RDM at time step 3549
Propagating 1RDM at time step 3550
Propagating 1RDM at time step 3551
Propagating 1RDM at time step 3552
Propagating 1RDM at time step 3553
Propagating 1RDM at time step 3554
Propagating 1RDM at time step 3555
Propagating 1RDM at time step 3556
Propagating 1RDM at time step 3557
Propagating 1RDM at time step 3558
Propagating 1RDM at time step 3559
Propagating 1RDM at time step 3560
Propagating 1RDM at time step 3561
Propagating 1RDM at time step 3562
Propagating 1RDM at time step 3563
Propagating 1RDM at time step 3564
Propagating 1RDM at time step 3565
Propagating 1RDM at time step 3566
Propagating 1RDM at time step 3567
Propagating 1RDM at time step 3568
Propagating 1RDM at time step 3569
Propagating 1RDM at time step 3570
Propagating 1RDM at time step 3571
Propagating 1RDM at time step 3572
Propagating 1RDM at time step 3573
Propagating 1RDM at time step 3574
Propagating 1RDM at time step 3575
Propagating 1RDM at time step 3576
Propagating 1RDM at time step 3577
Propagating 1RDM at time step 3578
Propagating 1RDM at time step 3579
Propagating 1RDM at time step 3580
Propagating 1RDM at time step 3581
Propagating 1RDM at time step 3582
Propagating 1RDM at time step 3583
Propagating 1RDM at time step 3584
Propagating 1RDM at time step 3585
Propagating 1RDM at time step 3586
Propagating 1RDM at time step 3587
Propagating 1RDM at time step 3588
Propagating 1RDM at time step 3589
Propagating 1RDM at time step 3590
Propagating 1RDM at time step 3591
Propagating 1RDM at time step 3592
Propagating 1RDM at time step 3593
Propagating 1RDM at time step 3594
Propagating 1RDM at time step 3595
Propagating 1RDM at time step 3596
Propagating 1RDM at time step 3597
Propagating 1RDM at time step 3598
Propagating 1RDM at time step 3599
Propagating 1RDM at time step 3600
Propagating 1RDM at time step 3601
Propagating 1RDM at time step 3602
Propagating 1RDM at time step 3603
Propagating 1RDM at time step 3604
Propagating 1RDM at time step 3605
Propagating 1RDM at time step 3606
Propagating 1RDM at time step 3607
Propagating 1RDM at time step 3608
Propagating 1RDM at time step 3609
Propagating 1RDM at time step 3610
Propagating 1RDM at time step 3611
Propagating 1RDM at time step 3612
Propagating 1RDM at time step 3613
Propagating 1RDM at time step 3614
Propagating 1RDM at time step 3615
Propagating 1RDM at time step 3616
Propagating 1RDM at time step 3617
Propagating 1RDM at time step 3618
Propagating 1RDM at time step 3619
Propagating 1RDM at time step 3620
Propagating 1RDM at time step 3621
Propagating 1RDM at time step 3622
Propagating 1RDM at time step 3623
Propagating 1RDM at time step 3624
Propagating 1RDM at time step 3625
Propagating 1RDM at time step 3626
Propagating 1RDM at time step 3627
Propagating 1RDM at time step 3628
Propagating 1RDM at time step 3629
Propagating 1RDM at time step 3630
Propagating 1RDM at time step 3631
Propagating 1RDM at time step 3632
Propagating 1RDM at time step 3633
Propagating 1RDM at time step 3634
Propagating 1RDM at time step 3635
Propagating 1RDM at time step 3636
Propagating 1RDM at time step 3637
Propagating 1RDM at time step 3638
Propagating 1RDM at time step 3639
Propagating 1RDM at time step 3640
Propagating 1RDM at time step 3641
Propagating 1RDM at time step 3642
Propagating 1RDM at time step 3643
Propagating 1RDM at time step 3644
Propagating 1RDM at time step 3645
Propagating 1RDM at time step 3646
Propagating 1RDM at time step 3647
Propagating 1RDM at time step 3648
Propagating 1RDM at time step 3649
Propagating 1RDM at time step 3650
Propagating 1RDM at time step 3651
Propagating 1RDM at time step 3652
Propagating 1RDM at time step 3653
Propagating 1RDM at time step 3654
Propagating 1RDM at time step 3655
Propagating 1RDM at time step 3656
Propagating 1RDM at time step 3657
Propagating 1RDM at time step 3658
Propagating 1RDM at time step 3659
Propagating 1RDM at time step 3660
Propagating 1RDM at time step 3661
Propagating 1RDM at time step 3662
Propagating 1RDM at time step 3663
Propagating 1RDM at time step 3664
Propagating 1RDM at time step 3665
Propagating 1RDM at time step 3666
Propagating 1RDM at time step 3667
Propagating 1RDM at time step 3668
Propagating 1RDM at time step 3669
Propagating 1RDM at time step 3670
Propagating 1RDM at time step 3671
Propagating 1RDM at time step 3672
Propagating 1RDM at time step 3673
Propagating 1RDM at time step 3674
Propagating 1RDM at time step 3675
Propagating 1RDM at time step 3676
Propagating 1RDM at time step 3677
Propagating 1RDM at time step 3678
Propagating 1RDM at time step 3679
Propagating 1RDM at time step 3680
Propagating 1RDM at time step 3681
Propagating 1RDM at time step 3682
Propagating 1RDM at time step 3683
Propagating 1RDM at time step 3684
Propagating 1RDM at time step 3685
Propagating 1RDM at time step 3686
Propagating 1RDM at time step 3687
Propagating 1RDM at time step 3688
Propagating 1RDM at time step 3689
Propagating 1RDM at time step 3690
Propagating 1RDM at time step 3691
Propagating 1RDM at time step 3692
Propagating 1RDM at time step 3693
Propagating 1RDM at time step 3694
Propagating 1RDM at time step 3695
Propagating 1RDM at time step 3696
Propagating 1RDM at time step 3697
Propagating 1RDM at time step 3698
Propagating 1RDM at time step 3699
Propagating 1RDM at time step 3700
Propagating 1RDM at time step 3701
Propagating 1RDM at time step 3702
Propagating 1RDM at time step 3703
Propagating 1RDM at time step 3704
Propagating 1RDM at time step 3705
Propagating 1RDM at time step 3706
Propagating 1RDM at time step 3707
Propagating 1RDM at time step 3708
Propagating 1RDM at time step 3709
Propagating 1RDM at time step 3710
Propagating 1RDM at time step 3711
Propagating 1RDM at time step 3712
Propagating 1RDM at time step 3713
Propagating 1RDM at time step 3714
Propagating 1RDM at time step 3715
Propagating 1RDM at time step 3716
Propagating 1RDM at time step 3717
Propagating 1RDM at time step 3718
Propagating 1RDM at time step 3719
Propagating 1RDM at time step 3720
Propagating 1RDM at time step 3721
Propagating 1RDM at time step 3722
Propagating 1RDM at time step 3723
Propagating 1RDM at time step 3724
Propagating 1RDM at time step 3725
Propagating 1RDM at time step 3726
Propagating 1RDM at time step 3727
Propagating 1RDM at time step 3728
Propagating 1RDM at time step 3729
Propagating 1RDM at time step 3730
Propagating 1RDM at time step 3731
Propagating 1RDM at time step 3732
Propagating 1RDM at time step 3733
Propagating 1RDM at time step 3734
Propagating 1RDM at time step 3735
Propagating 1RDM at time step 3736
Propagating 1RDM at time step 3737
Propagating 1RDM at time step 3738
Propagating 1RDM at time step 3739
Propagating 1RDM at time step 3740
Propagating 1RDM at time step 3741
Propagating 1RDM at time step 3742
Propagating 1RDM at time step 3743
Propagating 1RDM at time step 3744
Propagating 1RDM at time step 3745
Propagating 1RDM at time step 3746
Propagating 1RDM at time step 3747
Propagating 1RDM at time step 3748
Propagating 1RDM at time step 3749
Propagating 1RDM at time step 3750
Propagating 1RDM at time step 3751
Propagating 1RDM at time step 3752
Propagating 1RDM at time step 3753
Propagating 1RDM at time step 3754
Propagating 1RDM at time step 3755
Propagating 1RDM at time step 3756
Propagating 1RDM at time step 3757
Propagating 1RDM at time step 3758
Propagating 1RDM at time step 3759
Propagating 1RDM at time step 3760
Propagating 1RDM at time step 3761
Propagating 1RDM at time step 3762
Propagating 1RDM at time step 3763
Propagating 1RDM at time step 3764
Propagating 1RDM at time step 3765
Propagating 1RDM at time step 3766
Propagating 1RDM at time step 3767
Propagating 1RDM at time step 3768
Propagating 1RDM at time step 3769
Propagating 1RDM at time step 3770
Propagating 1RDM at time step 3771
Propagating 1RDM at time step 3772
Propagating 1RDM at time step 3773
Propagating 1RDM at time step 3774
Propagating 1RDM at time step 3775
Propagating 1RDM at time step 3776
Propagating 1RDM at time step 3777
Propagating 1RDM at time step 3778
Propagating 1RDM at time step 3779
Propagating 1RDM at time step 3780
Propagating 1RDM at time step 3781
Propagating 1RDM at time step 3782
Propagating 1RDM at time step 3783
Propagating 1RDM at time step 3784
Propagating 1RDM at time step 3785
Propagating 1RDM at time step 3786
Propagating 1RDM at time step 3787
Propagating 1RDM at time step 3788
Propagating 1RDM at time step 3789
Propagating 1RDM at time step 3790
Propagating 1RDM at time step 3791
Propagating 1RDM at time step 3792
Propagating 1RDM at time step 3793
Propagating 1RDM at time step 3794
Propagating 1RDM at time step 3795
Propagating 1RDM at time step 3796
Propagating 1RDM at time step 3797
Propagating 1RDM at time step 3798
Propagating 1RDM at time step 3799
Propagating 1RDM at time step 3800
Propagating 1RDM at time step 3801
Propagating 1RDM at time step 3802
Propagating 1RDM at time step 3803
Propagating 1RDM at time step 3804
Propagating 1RDM at time step 3805
Propagating 1RDM at time step 3806
Propagating 1RDM at time step 3807
Propagating 1RDM at time step 3808
Propagating 1RDM at time step 3809
Propagating 1RDM at time step 3810
Propagating 1RDM at time step 3811
Propagating 1RDM at time step 3812
Propagating 1RDM at time step 3813
Propagating 1RDM at time step 3814
Propagating 1RDM at time step 3815
Propagating 1RDM at time step 3816
Propagating 1RDM at time step 3817
Propagating 1RDM at time step 3818
Propagating 1RDM at time step 3819
Propagating 1RDM at time step 3820
Propagating 1RDM at time step 3821
Propagating 1RDM at time step 3822
Propagating 1RDM at time step 3823
Propagating 1RDM at time step 3824
Propagating 1RDM at time step 3825
Propagating 1RDM at time step 3826
Propagating 1RDM at time step 3827
Propagating 1RDM at time step 3828
Propagating 1RDM at time step 3829
Propagating 1RDM at time step 3830
Propagating 1RDM at time step 3831
Propagating 1RDM at time step 3832
Propagating 1RDM at time step 3833
Propagating 1RDM at time step 3834
Propagating 1RDM at time step 3835
Propagating 1RDM at time step 3836
Propagating 1RDM at time step 3837
Propagating 1RDM at time step 3838
Propagating 1RDM at time step 3839
Propagating 1RDM at time step 3840
Propagating 1RDM at time step 3841
Propagating 1RDM at time step 3842
Propagating 1RDM at time step 3843
Propagating 1RDM at time step 3844
Propagating 1RDM at time step 3845
Propagating 1RDM at time step 3846
Propagating 1RDM at time step 3847
Propagating 1RDM at time step 3848
Propagating 1RDM at time step 3849
Propagating 1RDM at time step 3850
Propagating 1RDM at time step 3851
Propagating 1RDM at time step 3852
Propagating 1RDM at time step 3853
Propagating 1RDM at time step 3854
Propagating 1RDM at time step 3855
Propagating 1RDM at time step 3856
Propagating 1RDM at time step 3857
Propagating 1RDM at time step 3858
Propagating 1RDM at time step 3859
Propagating 1RDM at time step 3860
Propagating 1RDM at time step 3861
Propagating 1RDM at time step 3862
Propagating 1RDM at time step 3863
Propagating 1RDM at time step 3864
Propagating 1RDM at time step 3865
Propagating 1RDM at time step 3866
Propagating 1RDM at time step 3867
Propagating 1RDM at time step 3868
Propagating 1RDM at time step 3869
Propagating 1RDM at time step 3870
Propagating 1RDM at time step 3871
Propagating 1RDM at time step 3872
Propagating 1RDM at time step 3873
Propagating 1RDM at time step 3874
Propagating 1RDM at time step 3875
Propagating 1RDM at time step 3876
Propagating 1RDM at time step 3877
Propagating 1RDM at time step 3878
Propagating 1RDM at time step 3879
Propagating 1RDM at time step 3880
Propagating 1RDM at time step 3881
Propagating 1RDM at time step 3882
Propagating 1RDM at time step 3883
Propagating 1RDM at time step 3884
Propagating 1RDM at time step 3885
Propagating 1RDM at time step 3886
Propagating 1RDM at time step 3887
Propagating 1RDM at time step 3888
Propagating 1RDM at time step 3889
Propagating 1RDM at time step 3890
Propagating 1RDM at time step 3891
Propagating 1RDM at time step 3892
Propagating 1RDM at time step 3893
Propagating 1RDM at time step 3894
Propagating 1RDM at time step 3895
Propagating 1RDM at time step 3896
Propagating 1RDM at time step 3897
Propagating 1RDM at time step 3898
Propagating 1RDM at time step 3899
Propagating 1RDM at time step 3900
Propagating 1RDM at time step 3901
Propagating 1RDM at time step 3902
Propagating 1RDM at time step 3903
Propagating 1RDM at time step 3904
Propagating 1RDM at time step 3905
Propagating 1RDM at time step 3906
Propagating 1RDM at time step 3907
Propagating 1RDM at time step 3908
Propagating 1RDM at time step 3909
Propagating 1RDM at time step 3910
Propagating 1RDM at time step 3911
Propagating 1RDM at time step 3912
Propagating 1RDM at time step 3913
Propagating 1RDM at time step 3914
Propagating 1RDM at time step 3915
Propagating 1RDM at time step 3916
Propagating 1RDM at time step 3917
Propagating 1RDM at time step 3918
Propagating 1RDM at time step 3919
Propagating 1RDM at time step 3920
Propagating 1RDM at time step 3921
Propagating 1RDM at time step 3922
Propagating 1RDM at time step 3923
Propagating 1RDM at time step 3924
Propagating 1RDM at time step 3925
Propagating 1RDM at time step 3926
Propagating 1RDM at time step 3927
Propagating 1RDM at time step 3928
Propagating 1RDM at time step 3929
Propagating 1RDM at time step 3930
Propagating 1RDM at time step 3931
Propagating 1RDM at time step 3932
Propagating 1RDM at time step 3933
Propagating 1RDM at time step 3934
Propagating 1RDM at time step 3935
Propagating 1RDM at time step 3936
Propagating 1RDM at time step 3937
Propagating 1RDM at time step 3938
Propagating 1RDM at time step 3939
Propagating 1RDM at time step 3940
Propagating 1RDM at time step 3941
Propagating 1RDM at time step 3942
Propagating 1RDM at time step 3943
Propagating 1RDM at time step 3944
Propagating 1RDM at time step 3945
Propagating 1RDM at time step 3946
Propagating 1RDM at time step 3947
Propagating 1RDM at time step 3948
Propagating 1RDM at time step 3949
Propagating 1RDM at time step 3950
Propagating 1RDM at time step 3951
Propagating 1RDM at time step 3952
Propagating 1RDM at time step 3953
Propagating 1RDM at time step 3954
Propagating 1RDM at time step 3955
Propagating 1RDM at time step 3956
Propagating 1RDM at time step 3957
Propagating 1RDM at time step 3958
Propagating 1RDM at time step 3959
Propagating 1RDM at time step 3960
Propagating 1RDM at time step 3961
Propagating 1RDM at time step 3962
Propagating 1RDM at time step 3963
Propagating 1RDM at time step 3964
Propagating 1RDM at time step 3965
Propagating 1RDM at time step 3966
Propagating 1RDM at time step 3967
Propagating 1RDM at time step 3968
Propagating 1RDM at time step 3969
Propagating 1RDM at time step 3970
Propagating 1RDM at time step 3971
Propagating 1RDM at time step 3972
Propagating 1RDM at time step 3973
Propagating 1RDM at time step 3974
Propagating 1RDM at time step 3975
Propagating 1RDM at time step 3976
Propagating 1RDM at time step 3977
Propagating 1RDM at time step 3978
Propagating 1RDM at time step 3979
Propagating 1RDM at time step 3980
Propagating 1RDM at time step 3981
Propagating 1RDM at time step 3982
Propagating 1RDM at time step 3983
Propagating 1RDM at time step 3984
Propagating 1RDM at time step 3985
Propagating 1RDM at time step 3986
Propagating 1RDM at time step 3987
Propagating 1RDM at time step 3988
Propagating 1RDM at time step 3989
Propagating 1RDM at time step 3990
Propagating 1RDM at time step 3991
Propagating 1RDM at time step 3992
Propagating 1RDM at time step 3993
Propagating 1RDM at time step 3994
Propagating 1RDM at time step 3995
Propagating 1RDM at time step 3996
Propagating 1RDM at time step 3997
Propagating 1RDM at time step 3998
Propagating 1RDM at time step 3999
